Workbook

Sheet Costos corrientes
D1: C | E1: D | F1: E | G1: F | H1: I
C2: Year | D2: Total overnight cost ($/kW) | E2: Variable O&M ($/MWh) | F2: Fixed O&M ($/kW-y) | G2: Heat rate (Btu/kWh) | H2: Lead time (years)
A3: A | B3: Conventional hydropower | C3: 2018 | D3: =IFERROR(INDEX('2018'!$B$2:$P$30,MATCH('Costos corrientes'!$A3,'2018'!$A$2:$A$30,0),MATCH('Costos corrientes'!D$1,'2018'!$B$1:$P$1,0)),NA()) -> 2898 | E3: =IFERROR(INDEX('2018'!$B$2:$P$30,MATCH('Costos corrientes'!$A3,'2018'!$A$2:$A$30,0),MATCH('Costos corrientes'!E$1,'2018'!$B$1:$P$1,0)),NA()) -> 1.33 | F3: =IFERROR(INDEX('2018'!$B$2:$P$30,MATCH('Costos corrientes'!$A3,'2018'!$A$2:$A$30,0),MATCH('Costos corrientes'!F$1,'2018'!$B$1:$P$1,0)),NA()) -> 40.05 | H3: =IFERROR(INDEX('2018'!$B$2:$P$30,MATCH('Costos corrientes'!$A3,'2018'!$A$2:$A$30,0),MATCH('Costos corrientes'!H$1,'2018'!$B$1:$P$1,0)),NA()) -> 4
A4: A | B4: Conventional hydropower | C4: 2019 | D4: =IFERROR(INDEX('2019'!$B$2:$P$30,MATCH('Costos corrientes'!$A4,'2019'!$A$2:$A$30,0),MATCH('Costos corrientes'!D$1,'2019'!$B$1:$P$1,0)),NA()) -> 2948 | E4: =IFERROR(INDEX('2019'!$B$2:$P$30,MATCH('Costos corrientes'!$A4,'2019'!$A$2:$A$30,0),MATCH('Costos corrientes'!E$1,'2019'!$B$1:$P$1,0)),NA()) -> 1.36 | F4: =IFERROR(INDEX('2019'!$B$2:$P$30,MATCH('Costos corrientes'!$A4,'2019'!$A$2:$A$30,0),MATCH('Costos corrientes'!F$1,'2019'!$B$1:$P$1,0)),NA()) -> 40.85 | H4: =IFERROR(INDEX('2019'!$B$2:$P$30,MATCH('Costos corrientes'!$A4,'2019'!$A$2:$A$30,0),MATCH('Costos corrientes'!H$1,'2019'!$B$1:$P$1,0)),NA()) -> 4
A5: A | B5: Conventional hydropower | C5: 2020 | D5: =IFERROR(INDEX('2020'!$B$2:$P$30,MATCH('Costos corrientes'!$A4,'2020'!$A$2:$A$30,0),MATCH('Costos corrientes'!D$1,'2020'!$B$1:$P$1,0)),NA()) -> 2752 | E5: =IFERROR(INDEX('2020'!$B$2:$P$30,MATCH('Costos corrientes'!$A4,'2020'!$A$2:$A$30,0),MATCH('Costos corrientes'!E$1,'2020'!$B$1:$P$1,0)),NA()) -> 1.39 | F5: =IFERROR(INDEX('2020'!$B$2:$P$30,MATCH('Costos corrientes'!$A4,'2020'!$A$2:$A$30,0),MATCH('Costos corrientes'!F$1,'2020'!$B$1:$P$1,0)),NA()) -> 41.63 | H5: =IFERROR(INDEX('2020'!$B$2:$P$30,MATCH('Costos corrientes'!$A4,'2020'!$A$2:$A$30,0),MATCH('Costos corrientes'!H$1,'2020'!$B$1:$P$1,0)),NA()) -> 4
A6: A | B6: Conventional hydropower | C6: 2021 | D6: =IFERROR(INDEX('2021'!$B$2:$P$30,MATCH('Costos corrientes'!$A4,'2021'!$A$2:$A$30,0),MATCH('Costos corrientes'!D$1,'2021'!$B$1:$P$1,0)),NA()) -> 2769 | E6: =IFERROR(INDEX('2021'!$B$2:$P$30,MATCH('Costos corrientes'!$A4,'2021'!$A$2:$A$30,0),MATCH('Costos corrientes'!E$1,'2021'!$B$1:$P$1,0)),NA()) -> 1.4 | F6: =IFERROR(INDEX('2021'!$B$2:$P$30,MATCH('Costos corrientes'!$A4,'2021'!$A$2:$A$30,0),MATCH('Costos corrientes'!F$1,'2021'!$B$1:$P$1,0)),NA()) -> 42.01 | H6: =IFERROR(INDEX('2021'!$B$2:$P$30,MATCH('Costos corrientes'!$A4,'2021'!$A$2:$A$30,0),MATCH('Costos corrientes'!H$1,'2021'!$B$1:$P$1,0)),NA()) -> 4
A7: A | B7: Conventional hydropower | C7: 2022 | D7: =IFERROR(INDEX('2022'!$B$2:$P$30,MATCH('Costos corrientes'!$A4,'2022'!$A$2:$A$30,0),MATCH('Costos corrientes'!D$1,'2022'!$B$1:$P$1,0)),NA()) -> 3083 | E7: =IFERROR(INDEX('2022'!$B$2:$P$30,MATCH('Costos corrientes'!$A4,'2022'!$A$2:$A$30,0),MATCH('Costos corrientes'!E$1,'2022'!$B$1:$P$1,0)),NA()) -> 1.46 | F7: =IFERROR(INDEX('2022'!$B$2:$P$30,MATCH('Costos corrientes'!$A4,'2022'!$A$2:$A$30,0),MATCH('Costos corrientes'!F$1,'2022'!$B$1:$P$1,0)),NA()) -> 43.78 | H7: =IFERROR(INDEX('2022'!$B$2:$P$30,MATCH('Costos corrientes'!$A4,'2022'!$A$2:$A$30,0),MATCH('Costos corrientes'!H$1,'2022'!$B$1:$P$1,0)),NA()) -> 4
A8: A | B8: Conventional hydropower | C8: 2023 | D8: =IFERROR(INDEX('2023'!$B$2:$P$30,MATCH('Costos corrientes'!$A5,'2023'!$A$2:$A$30,0),MATCH('Costos corrientes'!D$1,'2023'!$B$1:$P$1,0)),NA()) -> 3421 | E8: =IFERROR(INDEX('2023'!$B$2:$P$30,MATCH('Costos corrientes'!$A5,'2023'!$A$2:$A$30,0),MATCH('Costos corrientes'!E$1,'2023'!$B$1:$P$1,0)),NA()) -> 1.57 | F8: =IFERROR(INDEX('2023'!$B$2:$P$30,MATCH('Costos corrientes'!$A5,'2023'!$A$2:$A$30,0),MATCH('Costos corrientes'!F$1,'2023'!$B$1:$P$1,0)),NA()) -> 47.06 | H8: =IFERROR(INDEX('2023'!$B$2:$P$30,MATCH('Costos corrientes'!$A5,'2023'!$A$2:$A$30,0),MATCH('Costos corrientes'!H$1,'2023'!$B$1:$P$1,0)),NA()) -> 4
A9: B | B9: Wind | C9: 2018 | D9: =IFERROR(INDEX('2018'!$B$2:$P$30,MATCH('Costos corrientes'!$A9,'2018'!$A$2:$A$30,0),MATCH('Costos corrientes'!D$1,'2018'!$B$1:$P$1,0)),NA()) -> 1657 | E9: =IFERROR(INDEX('2018'!$B$2:$P$30,MATCH('Costos corrientes'!$A9,'2018'!$A$2:$A$30,0),MATCH('Costos corrientes'!E$1,'2018'!$B$1:$P$1,0)),NA()) -> 0 | F9: =IFERROR(INDEX('2018'!$B$2:$P$30,MATCH('Costos corrientes'!$A9,'2018'!$A$2:$A$30,0),MATCH('Costos corrientes'!F$1,'2018'!$B$1:$P$1,0)),NA()) -> 47.47 | H9: =IFERROR(INDEX('2018'!$B$2:$P$30,MATCH('Costos corrientes'!$A9,'2018'!$A$2:$A$30,0),MATCH('Costos corrientes'!H$1,'2018'!$B$1:$P$1,0)),NA()) -> 3
A10: B | B10: Wind | C10: 2019 | D10: =IFERROR(INDEX('2019'!$B$2:$P$30,MATCH('Costos corrientes'!$A10,'2019'!$A$2:$A$30,0),MATCH('Costos corrientes'!D$1,'2019'!$B$1:$P$1,0)),NA()) -> 1624 | E10: =IFERROR(INDEX('2019'!$B$2:$P$30,MATCH('Costos corrientes'!$A10,'2019'!$A$2:$A$30,0),MATCH('Costos corrientes'!E$1,'2019'!$B$1:$P$1,0)),NA()) -> 0 | F10: =IFERROR(INDEX('2019'!$B$2:$P$30,MATCH('Costos corrientes'!$A10,'2019'!$A$2:$A$30,0),MATCH('Costos corrientes'!F$1,'2019'!$B$1:$P$1,0)),NA()) -> 48.42 | H10: =IFERROR(INDEX('2019'!$B$2:$P$30,MATCH('Costos corrientes'!$A10,'2019'!$A$2:$A$30,0),MATCH('Costos corrientes'!H$1,'2019'!$B$1:$P$1,0)),NA()) -> 3
A11: B | B11: Wind | C11: 2020 | D11: =IFERROR(INDEX('2020'!$B$2:$P$30,MATCH('Costos corrientes'!$A10,'2020'!$A$2:$A$30,0),MATCH('Costos corrientes'!D$1,'2020'!$B$1:$P$1,0)),NA()) -> 1319 | E11: =IFERROR(INDEX('2020'!$B$2:$P$30,MATCH('Costos corrientes'!$A10,'2020'!$A$2:$A$30,0),MATCH('Costos corrientes'!E$1,'2020'!$B$1:$P$1,0)),NA()) -> 0 | F11: =IFERROR(INDEX('2020'!$B$2:$P$30,MATCH('Costos corrientes'!$A10,'2020'!$A$2:$A$30,0),MATCH('Costos corrientes'!F$1,'2020'!$B$1:$P$1,0)),NA()) -> 26.22 | H11: =IFERROR(INDEX('2020'!$B$2:$P$30,MATCH('Costos corrientes'!$A10,'2020'!$A$2:$A$30,0),MATCH('Costos corrientes'!H$1,'2020'!$B$1:$P$1,0)),NA()) -> 3
A12: B | B12: Wind | C12: 2021 | D12: =IFERROR(INDEX('2021'!$B$2:$P$30,MATCH('Costos corrientes'!$A10,'2021'!$A$2:$A$30,0),MATCH('Costos corrientes'!D$1,'2021'!$B$1:$P$1,0)),NA()) -> 1846 | E12: =IFERROR(INDEX('2021'!$B$2:$P$30,MATCH('Costos corrientes'!$A10,'2021'!$A$2:$A$30,0),MATCH('Costos corrientes'!E$1,'2021'!$B$1:$P$1,0)),NA()) -> 0 | F12: =IFERROR(INDEX('2021'!$B$2:$P$30,MATCH('Costos corrientes'!$A10,'2021'!$A$2:$A$30,0),MATCH('Costos corrientes'!F$1,'2021'!$B$1:$P$1,0)),NA()) -> 26.47 | H12: =IFERROR(INDEX('2021'!$B$2:$P$30,MATCH('Costos corrientes'!$A10,'2021'!$A$2:$A$30,0),MATCH('Costos corrientes'!H$1,'2021'!$B$1:$P$1,0)),NA()) -> 3
A13: B | B13: Wind | C13: 2022 | D13: =IFERROR(INDEX('2022'!$B$2:$P$30,MATCH('Costos corrientes'!$A10,'2022'!$A$2:$A$30,0),MATCH('Costos corrientes'!D$1,'2022'!$B$1:$P$1,0)),NA()) -> 1718 | E13: =IFERROR(INDEX('2022'!$B$2:$P$30,MATCH('Costos corrientes'!$A10,'2022'!$A$2:$A$30,0),MATCH('Costos corrientes'!E$1,'2022'!$B$1:$P$1,0)),NA()) -> 0 | F13: =IFERROR(INDEX('2022'!$B$2:$P$30,MATCH('Costos corrientes'!$A10,'2022'!$A$2:$A$30,0),MATCH('Costos corrientes'!F$1,'2022'!$B$1:$P$1,0)),NA()) -> 27.57 | H13: =IFERROR(INDEX('2022'!$B$2:$P$30,MATCH('Costos corrientes'!$A10,'2022'!$A$2:$A$30,0),MATCH('Costos corrientes'!H$1,'2022'!$B$1:$P$1,0)),NA()) -> 3
A14: B | B14: Wind | C14: 2023 | D14: =IFERROR(INDEX('2023'!$B$2:$P$30,MATCH('Costos corrientes'!$A11,'2023'!$A$2:$A$30,0),MATCH('Costos corrientes'!D$1,'2023'!$B$1:$P$1,0)),NA()) -> 2098 | E14: =IFERROR(INDEX('2023'!$B$2:$P$30,MATCH('Costos corrientes'!$A11,'2023'!$A$2:$A$30,0),MATCH('Costos corrientes'!E$1,'2023'!$B$1:$P$1,0)),NA()) -> 0 | F14: =IFERROR(INDEX('2023'!$B$2:$P$30,MATCH('Costos corrientes'!$A11,'2023'!$A$2:$A$30,0),MATCH('Costos corrientes'!F$1,'2023'!$B$1:$P$1,0)),NA()) -> 29.64 | H14: =IFERROR(INDEX('2023'!$B$2:$P$30,MATCH('Costos corrientes'!$A11,'2023'!$A$2:$A$30,0),MATCH('Costos corrientes'!H$1,'2023'!$B$1:$P$1,0)),NA()) -> 3
A15: C | B15: Wind offshore | C15: 2018 | D15: =IFERROR(INDEX('2018'!$B$2:$P$30,MATCH('Costos corrientes'!$A15,'2018'!$A$2:$A$30,0),MATCH('Costos corrientes'!D$1,'2018'!$B$1:$P$1,0)),NA()) -> 6454 | E15: =IFERROR(INDEX('2018'!$B$2:$P$30,MATCH('Costos corrientes'!$A15,'2018'!$A$2:$A$30,0),MATCH('Costos corrientes'!E$1,'2018'!$B$1:$P$1,0)),NA()) -> 0 | F15: =IFERROR(INDEX('2018'!$B$2:$P$30,MATCH('Costos corrientes'!$A15,'2018'!$A$2:$A$30,0),MATCH('Costos corrientes'!F$1,'2018'!$B$1:$P$1,0)),NA()) -> 78.56 | H15: =IFERROR(INDEX('2018'!$B$2:$P$30,MATCH('Costos corrientes'!$A15,'2018'!$A$2:$A$30,0),MATCH('Costos corrientes'!H$1,'2018'!$B$1:$P$1,0)),NA()) -> 4
A16: C | B16: Wind offshore | C16: 2019 | D16: =IFERROR(INDEX('2019'!$B$2:$P$30,MATCH('Costos corrientes'!$A16,'2019'!$A$2:$A$30,0),MATCH('Costos corrientes'!D$1,'2019'!$B$1:$P$1,0)),NA()) -> 6542 | E16: =IFERROR(INDEX('2019'!$B$2:$P$30,MATCH('Costos corrientes'!$A16,'2019'!$A$2:$A$30,0),MATCH('Costos corrientes'!E$1,'2019'!$B$1:$P$1,0)),NA()) -> 0 | F16: =IFERROR(INDEX('2019'!$B$2:$P$30,MATCH('Costos corrientes'!$A16,'2019'!$A$2:$A$30,0),MATCH('Costos corrientes'!F$1,'2019'!$B$1:$P$1,0)),NA()) -> 80.14 | H16: =IFERROR(INDEX('2019'!$B$2:$P$30,MATCH('Costos corrientes'!$A16,'2019'!$A$2:$A$30,0),MATCH('Costos corrientes'!H$1,'2019'!$B$1:$P$1,0)),NA()) -> 4
A17: C | B17: Wind offshore | C17: 2020 | D17: =IFERROR(INDEX('2020'!$B$2:$P$30,MATCH('Costos corrientes'!$A16,'2020'!$A$2:$A$30,0),MATCH('Costos corrientes'!D$1,'2020'!$B$1:$P$1,0)),NA()) -> 5446 | E17: =IFERROR(INDEX('2020'!$B$2:$P$30,MATCH('Costos corrientes'!$A16,'2020'!$A$2:$A$30,0),MATCH('Costos corrientes'!E$1,'2020'!$B$1:$P$1,0)),NA()) -> 0 | F17: =IFERROR(INDEX('2020'!$B$2:$P$30,MATCH('Costos corrientes'!$A16,'2020'!$A$2:$A$30,0),MATCH('Costos corrientes'!F$1,'2020'!$B$1:$P$1,0)),NA()) -> 109.54 | H17: =IFERROR(INDEX('2020'!$B$2:$P$30,MATCH('Costos corrientes'!$A16,'2020'!$A$2:$A$30,0),MATCH('Costos corrientes'!H$1,'2020'!$B$1:$P$1,0)),NA()) -> 4
A18: C | B18: Wind offshore | C18: 2021 | D18: =IFERROR(INDEX('2021'!$B$2:$P$30,MATCH('Costos corrientes'!$A16,'2021'!$A$2:$A$30,0),MATCH('Costos corrientes'!D$1,'2021'!$B$1:$P$1,0)),NA()) -> 5453 | E18: =IFERROR(INDEX('2021'!$B$2:$P$30,MATCH('Costos corrientes'!$A16,'2021'!$A$2:$A$30,0),MATCH('Costos corrientes'!E$1,'2021'!$B$1:$P$1,0)),NA()) -> 0 | F18: =IFERROR(INDEX('2021'!$B$2:$P$30,MATCH('Costos corrientes'!$A16,'2021'!$A$2:$A$30,0),MATCH('Costos corrientes'!F$1,'2021'!$B$1:$P$1,0)),NA()) -> 110.56 | H18: =IFERROR(INDEX('2021'!$B$2:$P$30,MATCH('Costos corrientes'!$A16,'2021'!$A$2:$A$30,0),MATCH('Costos corrientes'!H$1,'2021'!$B$1:$P$1,0)),NA()) -> 4
A19: C | B19: Wind offshore | C19: 2022 | D19: =IFERROR(INDEX('2022'!$B$2:$P$30,MATCH('Costos corrientes'!$A16,'2022'!$A$2:$A$30,0),MATCH('Costos corrientes'!D$1,'2022'!$B$1:$P$1,0)),NA()) -> 6041 | E19: =IFERROR(INDEX('2022'!$B$2:$P$30,MATCH('Costos corrientes'!$A16,'2022'!$A$2:$A$30,0),MATCH('Costos corrientes'!E$1,'2022'!$B$1:$P$1,0)),NA()) -> 0 | F19: =IFERROR(INDEX('2022'!$B$2:$P$30,MATCH('Costos corrientes'!$A16,'2022'!$A$2:$A$30,0),MATCH('Costos corrientes'!F$1,'2022'!$B$1:$P$1,0)),NA()) -> 115.16 | H19: =IFERROR(INDEX('2022'!$B$2:$P$30,MATCH('Costos corrientes'!$A16,'2022'!$A$2:$A$30,0),MATCH('Costos corrientes'!H$1,'2022'!$B$1:$P$1,0)),NA()) -> 4
A20: C | B20: Wind offshore | C20: 2023 | D20: =IFERROR(INDEX('2023'!$B$2:$P$30,MATCH('Costos corrientes'!$A17,'2023'!$A$2:$A$30,0),MATCH('Costos corrientes'!D$1,'2023'!$B$1:$P$1,0)),NA()) -> 6672 | E20: =IFERROR(INDEX('2023'!$B$2:$P$30,MATCH('Costos corrientes'!$A17,'2023'!$A$2:$A$30,0),MATCH('Costos corrientes'!E$1,'2023'!$B$1:$P$1,0)),NA()) -> 0 | F20: =IFERROR(INDEX('2023'!$B$2:$P$30,MATCH('Costos corrientes'!$A17,'2023'!$A$2:$A$30,0),MATCH('Costos corrientes'!F$1,'2023'!$B$1:$P$1,0)),NA()) -> 123.81 | H20: =IFERROR(INDEX('2023'!$B$2:$P$30,MATCH('Costos corrientes'!$A17,'2023'!$A$2:$A$30,0),MATCH('Costos corrientes'!H$1,'2023'!$B$1:$P$1,0)),NA()) -> 4
A21: D | B21: Solar thermal | C21: 2018 | D21: =IFERROR(INDEX('2018'!$B$2:$P$30,MATCH('Costos corrientes'!$A21,'2018'!$A$2:$A$30,0),MATCH('Costos corrientes'!D$1,'2018'!$B$1:$P$1,0)),NA()) -> 4228 | E21: =IFERROR(INDEX('2018'!$B$2:$P$30,MATCH('Costos corrientes'!$A21,'2018'!$A$2:$A$30,0),MATCH('Costos corrientes'!E$1,'2018'!$B$1:$P$1,0)),NA()) -> 0 | F21: =IFERROR(INDEX('2018'!$B$2:$P$30,MATCH('Costos corrientes'!$A21,'2018'!$A$2:$A$30,0),MATCH('Costos corrientes'!F$1,'2018'!$B$1:$P$1,0)),NA()) -> 71.41 | H21: =IFERROR(INDEX('2018'!$B$2:$P$30,MATCH('Costos corrientes'!$A21,'2018'!$A$2:$A$30,0),MATCH('Costos corrientes'!H$1,'2018'!$B$1:$P$1,0)),NA()) -> 3
A22: D | B22: Solar thermal | C22: 2019 | D22: =IFERROR(INDEX('2019'!$B$2:$P$30,MATCH('Costos corrientes'!$A22,'2019'!$A$2:$A$30,0),MATCH('Costos corrientes'!D$1,'2019'!$B$1:$P$1,0)),NA()) -> 4291 | E22: =IFERROR(INDEX('2019'!$B$2:$P$30,MATCH('Costos corrientes'!$A22,'2019'!$A$2:$A$30,0),MATCH('Costos corrientes'!E$1,'2019'!$B$1:$P$1,0)),NA()) -> 0 | F22: =IFERROR(INDEX('2019'!$B$2:$P$30,MATCH('Costos corrientes'!$A22,'2019'!$A$2:$A$30,0),MATCH('Costos corrientes'!F$1,'2019'!$B$1:$P$1,0)),NA()) -> 72.84 | H22: =IFERROR(INDEX('2019'!$B$2:$P$30,MATCH('Costos corrientes'!$A22,'2019'!$A$2:$A$30,0),MATCH('Costos corrientes'!H$1,'2019'!$B$1:$P$1,0)),NA()) -> 3
A23: D | B23: Solar thermal | C23: 2020 | D23: =IFERROR(INDEX('2020'!$B$2:$P$30,MATCH('Costos corrientes'!$A22,'2020'!$A$2:$A$30,0),MATCH('Costos corrientes'!D$1,'2020'!$B$1:$P$1,0)),NA()) -> 7191 | E23: =IFERROR(INDEX('2020'!$B$2:$P$30,MATCH('Costos corrientes'!$A22,'2020'!$A$2:$A$30,0),MATCH('Costos corrientes'!E$1,'2020'!$B$1:$P$1,0)),NA()) -> 0 | F23: =IFERROR(INDEX('2020'!$B$2:$P$30,MATCH('Costos corrientes'!$A22,'2020'!$A$2:$A$30,0),MATCH('Costos corrientes'!F$1,'2020'!$B$1:$P$1,0)),NA()) -> 85.03 | H23: =IFERROR(INDEX('2020'!$B$2:$P$30,MATCH('Costos corrientes'!$A22,'2020'!$A$2:$A$30,0),MATCH('Costos corrientes'!H$1,'2020'!$B$1:$P$1,0)),NA()) -> 3
A24: D | B24: Solar thermal | C24: 2021 | D24: =IFERROR(INDEX('2021'!$B$2:$P$30,MATCH('Costos corrientes'!$A22,'2021'!$A$2:$A$30,0),MATCH('Costos corrientes'!D$1,'2021'!$B$1:$P$1,0)),NA()) -> 7116 | E24: =IFERROR(INDEX('2021'!$B$2:$P$30,MATCH('Costos corrientes'!$A22,'2021'!$A$2:$A$30,0),MATCH('Costos corrientes'!E$1,'2021'!$B$1:$P$1,0)),NA()) -> 0 | F24: =IFERROR(INDEX('2021'!$B$2:$P$30,MATCH('Costos corrientes'!$A22,'2021'!$A$2:$A$30,0),MATCH('Costos corrientes'!F$1,'2021'!$B$1:$P$1,0)),NA()) -> 85.82 | H24: =IFERROR(INDEX('2021'!$B$2:$P$30,MATCH('Costos corrientes'!$A22,'2021'!$A$2:$A$30,0),MATCH('Costos corrientes'!H$1,'2021'!$B$1:$P$1,0)),NA()) -> 3
A25: D | B25: Solar thermal | C25: 2022 | D25: =IFERROR(INDEX('2022'!$B$2:$P$30,MATCH('Costos corrientes'!$A22,'2022'!$A$2:$A$30,0),MATCH('Costos corrientes'!D$1,'2022'!$B$1:$P$1,0)),NA()) -> 7895 | E25: =IFERROR(INDEX('2022'!$B$2:$P$30,MATCH('Costos corrientes'!$A22,'2022'!$A$2:$A$30,0),MATCH('Costos corrientes'!E$1,'2022'!$B$1:$P$1,0)),NA()) -> 0 | F25: =IFERROR(INDEX('2022'!$B$2:$P$30,MATCH('Costos corrientes'!$A22,'2022'!$A$2:$A$30,0),MATCH('Costos corrientes'!F$1,'2022'!$B$1:$P$1,0)),NA()) -> 89.39 | H25: =IFERROR(INDEX('2022'!$B$2:$P$30,MATCH('Costos corrientes'!$A22,'2022'!$A$2:$A$30,0),MATCH('Costos corrientes'!H$1,'2022'!$B$1:$P$1,0)),NA()) -> 3
A26: D | B26: Solar thermal | C26: 2023 | D26: =IFERROR(INDEX('2023'!$B$2:$P$30,MATCH('Costos corrientes'!$A23,'2023'!$A$2:$A$30,0),MATCH('Costos corrientes'!D$1,'2023'!$B$1:$P$1,0)),NA()) -> 8732 | E26: =IFERROR(INDEX('2023'!$B$2:$P$30,MATCH('Costos corrientes'!$A23,'2023'!$A$2:$A$30,0),MATCH('Costos corrientes'!E$1,'2023'!$B$1:$P$1,0)),NA()) -> 0 | F26: =IFERROR(INDEX('2023'!$B$2:$P$30,MATCH('Costos corrientes'!$A23,'2023'!$A$2:$A$30,0),MATCH('Costos corrientes'!F$1,'2023'!$B$1:$P$1,0)),NA()) -> 96.1 | H26: =IFERROR(INDEX('2023'!$B$2:$P$30,MATCH('Costos corrientes'!$A23,'2023'!$A$2:$A$30,0),MATCH('Costos corrientes'!H$1,'2023'!$B$1:$P$1,0)),NA()) -> 3
A27: E | B27: Solar PV - tracking | C27: 2018 | D27: =IFERROR(INDEX('2018'!$B$2:$P$30,MATCH('Costos corrientes'!$A27,'2018'!$A$2:$A$30,0),MATCH('Costos corrientes'!D$1,'2018'!$B$1:$P$1,0)),NA()) -> 2105 | E27: =IFERROR(INDEX('2018'!$B$2:$P$30,MATCH('Costos corrientes'!$A27,'2018'!$A$2:$A$30,0),MATCH('Costos corrientes'!E$1,'2018'!$B$1:$P$1,0)),NA()) -> 0 | F27: =IFERROR(INDEX('2018'!$B$2:$P$30,MATCH('Costos corrientes'!$A27,'2018'!$A$2:$A$30,0),MATCH('Costos corrientes'!F$1,'2018'!$B$1:$P$1,0)),NA()) -> 22.02 | H27: =IFERROR(INDEX('2018'!$B$2:$P$30,MATCH('Costos corrientes'!$A27,'2018'!$A$2:$A$30,0),MATCH('Costos corrientes'!H$1,'2018'!$B$1:$P$1,0)),NA()) -> 2
A28: E | B28: Solar PV - tracking | C28: 2019 | D28: =IFERROR(INDEX('2019'!$B$2:$P$30,MATCH('Costos corrientes'!$A28,'2019'!$A$2:$A$30,0),MATCH('Costos corrientes'!D$1,'2019'!$B$1:$P$1,0)),NA()) -> 1969 | E28: =IFERROR(INDEX('2019'!$B$2:$P$30,MATCH('Costos corrientes'!$A28,'2019'!$A$2:$A$30,0),MATCH('Costos corrientes'!E$1,'2019'!$B$1:$P$1,0)),NA()) -> 0 | F28: =IFERROR(INDEX('2019'!$B$2:$P$30,MATCH('Costos corrientes'!$A28,'2019'!$A$2:$A$30,0),MATCH('Costos corrientes'!F$1,'2019'!$B$1:$P$1,0)),NA()) -> 22.46 | H28: =IFERROR(INDEX('2019'!$B$2:$P$30,MATCH('Costos corrientes'!$A28,'2019'!$A$2:$A$30,0),MATCH('Costos corrientes'!H$1,'2019'!$B$1:$P$1,0)),NA()) -> 2
A29: E | B29: Solar PV - tracking | C29: 2020 | D29: =IFERROR(INDEX('2020'!$B$2:$P$30,MATCH('Costos corrientes'!$A28,'2020'!$A$2:$A$30,0),MATCH('Costos corrientes'!D$1,'2020'!$B$1:$P$1,0)),NA()) -> 1331 | E29: =IFERROR(INDEX('2020'!$B$2:$P$30,MATCH('Costos corrientes'!$A28,'2020'!$A$2:$A$30,0),MATCH('Costos corrientes'!E$1,'2020'!$B$1:$P$1,0)),NA()) -> 0 | F29: =IFERROR(INDEX('2020'!$B$2:$P$30,MATCH('Costos corrientes'!$A28,'2020'!$A$2:$A$30,0),MATCH('Costos corrientes'!F$1,'2020'!$B$1:$P$1,0)),NA()) -> 15.19 | H29: =IFERROR(INDEX('2020'!$B$2:$P$30,MATCH('Costos corrientes'!$A28,'2020'!$A$2:$A$30,0),MATCH('Costos corrientes'!H$1,'2020'!$B$1:$P$1,0)),NA()) -> 2
A30: E | B30: Solar PV - tracking | C30: 2021 | D30: =IFERROR(INDEX('2021'!$B$2:$P$30,MATCH('Costos corrientes'!$A28,'2021'!$A$2:$A$30,0),MATCH('Costos corrientes'!D$1,'2021'!$B$1:$P$1,0)),NA()) -> 1248 | E30: =IFERROR(INDEX('2021'!$B$2:$P$30,MATCH('Costos corrientes'!$A28,'2021'!$A$2:$A$30,0),MATCH('Costos corrientes'!E$1,'2021'!$B$1:$P$1,0)),NA()) -> 0 | F30: =IFERROR(INDEX('2021'!$B$2:$P$30,MATCH('Costos corrientes'!$A28,'2021'!$A$2:$A$30,0),MATCH('Costos corrientes'!F$1,'2021'!$B$1:$P$1,0)),NA()) -> 15.33 | H30: =IFERROR(INDEX('2021'!$B$2:$P$30,MATCH('Costos corrientes'!$A28,'2021'!$A$2:$A$30,0),MATCH('Costos corrientes'!H$1,'2021'!$B$1:$P$1,0)),NA()) -> 2
A31: E | B31: Solar PV - tracking | C31: 2022 | D31: =IFERROR(INDEX('2022'!$B$2:$P$30,MATCH('Costos corrientes'!$A28,'2022'!$A$2:$A$30,0),MATCH('Costos corrientes'!D$1,'2022'!$B$1:$P$1,0)),NA()) -> 1327 | E31: =IFERROR(INDEX('2022'!$B$2:$P$30,MATCH('Costos corrientes'!$A28,'2022'!$A$2:$A$30,0),MATCH('Costos corrientes'!E$1,'2022'!$B$1:$P$1,0)),NA()) -> 0 | F31: =IFERROR(INDEX('2022'!$B$2:$P$30,MATCH('Costos corrientes'!$A28,'2022'!$A$2:$A$30,0),MATCH('Costos corrientes'!F$1,'2022'!$B$1:$P$1,0)),NA()) -> 15.97 | H31: =IFERROR(INDEX('2022'!$B$2:$P$30,MATCH('Costos corrientes'!$A28,'2022'!$A$2:$A$30,0),MATCH('Costos corrientes'!H$1,'2022'!$B$1:$P$1,0)),NA()) -> 2
A32: E | B32: Solar PV - tracking | C32: 2023 | D32: =IFERROR(INDEX('2023'!$B$2:$P$30,MATCH('Costos corrientes'!$A29,'2023'!$A$2:$A$30,0),MATCH('Costos corrientes'!D$1,'2023'!$B$1:$P$1,0)),NA()) -> 1448 | E32: =IFERROR(INDEX('2023'!$B$2:$P$30,MATCH('Costos corrientes'!$A29,'2023'!$A$2:$A$30,0),MATCH('Costos corrientes'!E$1,'2023'!$B$1:$P$1,0)),NA()) -> 0 | F32: =IFERROR(INDEX('2023'!$B$2:$P$30,MATCH('Costos corrientes'!$A29,'2023'!$A$2:$A$30,0),MATCH('Costos corrientes'!F$1,'2023'!$B$1:$P$1,0)),NA()) -> 17.16 | H32: =IFERROR(INDEX('2023'!$B$2:$P$30,MATCH('Costos corrientes'!$A29,'2023'!$A$2:$A$30,0),MATCH('Costos corrientes'!H$1,'2023'!$B$1:$P$1,0)),NA()) -> 2
A33: F | B33: Solar PV - fixed tilt | C33: 2018 | D33: =IFERROR(INDEX('2018'!$B$2:$P$30,MATCH('Costos corrientes'!$A33,'2018'!$A$2:$A$30,0),MATCH('Costos corrientes'!D$1,'2018'!$B$1:$P$1,0)),NA()) -> 1851 | E33: =IFERROR(INDEX('2018'!$B$2:$P$30,MATCH('Costos corrientes'!$A33,'2018'!$A$2:$A$30,0),MATCH('Costos corrientes'!E$1,'2018'!$B$1:$P$1,0)),NA()) -> 0 | F33: =IFERROR(INDEX('2018'!$B$2:$P$30,MATCH('Costos corrientes'!$A33,'2018'!$A$2:$A$30,0),MATCH('Costos corrientes'!F$1,'2018'!$B$1:$P$1,0)),NA()) -> 22.02 | H33: =IFERROR(INDEX('2018'!$B$2:$P$30,MATCH('Costos corrientes'!$A33,'2018'!$A$2:$A$30,0),MATCH('Costos corrientes'!H$1,'2018'!$B$1:$P$1,0)),NA()) -> 2
A34: F | B34: Solar PV - fixed tilt | C34: 2019 | D34: =IFERROR(INDEX('2019'!$B$2:$P$30,MATCH('Costos corrientes'!$A34,'2019'!$A$2:$A$30,0),MATCH('Costos corrientes'!D$1,'2019'!$B$1:$P$1,0)),NA()) -> 1783 | E34: =IFERROR(INDEX('2019'!$B$2:$P$30,MATCH('Costos corrientes'!$A34,'2019'!$A$2:$A$30,0),MATCH('Costos corrientes'!E$1,'2019'!$B$1:$P$1,0)),NA()) -> 0 | F34: =IFERROR(INDEX('2019'!$B$2:$P$30,MATCH('Costos corrientes'!$A34,'2019'!$A$2:$A$30,0),MATCH('Costos corrientes'!F$1,'2019'!$B$1:$P$1,0)),NA()) -> 22.46 | H34: =IFERROR(INDEX('2019'!$B$2:$P$30,MATCH('Costos corrientes'!$A34,'2019'!$A$2:$A$30,0),MATCH('Costos corrientes'!H$1,'2019'!$B$1:$P$1,0)),NA()) -> 2
A35: F | B35: Solar PV - fixed tilt | C35: 2020
A36: F | B36: Solar PV - fixed tilt | C36: 2021
A37: F | B37: Solar PV - fixed tilt | C37: 2022
A38: F | B38: Solar PV - fixed tilt | C38: 2023
A39: G | B39: Solar PV with storage | C39: 2018
A40: G | B40: Solar PV with storage | C40: 2019
A41: G | B41: Solar PV with storage | C41: 2020
A42: G | B42: Solar PV with storage | C42: 2021 | D42: =IFERROR(INDEX('2021'!$B$2:$P$30,MATCH('Costos corrientes'!$A40,'2021'!$A$2:$A$30,0),MATCH('Costos corrientes'!D$1,'2021'!$B$1:$P$1,0)),NA()) -> 1612 | E42: =IFERROR(INDEX('2021'!$B$2:$P$30,MATCH('Costos corrientes'!$A40,'2021'!$A$2:$A$30,0),MATCH('Costos corrientes'!E$1,'2021'!$B$1:$P$1,0)),NA()) -> 0 | F42: =IFERROR(INDEX('2021'!$B$2:$P$30,MATCH('Costos corrientes'!$A40,'2021'!$A$2:$A$30,0),MATCH('Costos corrientes'!F$1,'2021'!$B$1:$P$1,0)),NA()) -> 32.33 | H42: =IFERROR(INDEX('2021'!$B$2:$P$30,MATCH('Costos corrientes'!$A40,'2021'!$A$2:$A$30,0),MATCH('Costos corrientes'!H$1,'2021'!$B$1:$P$1,0)),NA()) -> 2
A43: G | B43: Solar PV with storage | C43: 2022 | D43: =IFERROR(INDEX('2022'!$B$2:$P$30,MATCH('Costos corrientes'!$A40,'2022'!$A$2:$A$30,0),MATCH('Costos corrientes'!D$1,'2022'!$B$1:$P$1,0)),NA()) -> 1748 | E43: =IFERROR(INDEX('2022'!$B$2:$P$30,MATCH('Costos corrientes'!$A40,'2022'!$A$2:$A$30,0),MATCH('Costos corrientes'!E$1,'2022'!$B$1:$P$1,0)),NA()) -> 0 | F43: =IFERROR(INDEX('2022'!$B$2:$P$30,MATCH('Costos corrientes'!$A40,'2022'!$A$2:$A$30,0),MATCH('Costos corrientes'!F$1,'2022'!$B$1:$P$1,0)),NA()) -> 33.67 | H43: =IFERROR(INDEX('2022'!$B$2:$P$30,MATCH('Costos corrientes'!$A40,'2022'!$A$2:$A$30,0),MATCH('Costos corrientes'!H$1,'2022'!$B$1:$P$1,0)),NA()) -> 2
A44: G | B44: Solar PV with storage | C44: 2023 | D44: =IFERROR(INDEX('2023'!$B$2:$P$30,MATCH('Costos corrientes'!$A41,'2023'!$A$2:$A$30,0),MATCH('Costos corrientes'!D$1,'2023'!$B$1:$P$1,0)),NA()) -> 1808 | E44: =IFERROR(INDEX('2023'!$B$2:$P$30,MATCH('Costos corrientes'!$A41,'2023'!$A$2:$A$30,0),MATCH('Costos corrientes'!E$1,'2023'!$B$1:$P$1,0)),NA()) -> 0 | F44: =IFERROR(INDEX('2023'!$B$2:$P$30,MATCH('Costos corrientes'!$A41,'2023'!$A$2:$A$30,0),MATCH('Costos corrientes'!F$1,'2023'!$B$1:$P$1,0)),NA()) -> 32.42 | H44: =IFERROR(INDEX('2023'!$B$2:$P$30,MATCH('Costos corrientes'!$A41,'2023'!$A$2:$A$30,0),MATCH('Costos corrientes'!H$1,'2023'!$B$1:$P$1,0)),NA()) -> 2
A45: H | B45: Geothermal | C45: 2018 | D45: =IFERROR(INDEX('2018'!$B$2:$P$30,MATCH('Costos corrientes'!$A45,'2018'!$A$2:$A$30,0),MATCH('Costos corrientes'!D$1,'2018'!$B$1:$P$1,0)),NA()) -> 2746 | E45: =IFERROR(INDEX('2018'!$B$2:$P$30,MATCH('Costos corrientes'!$A45,'2018'!$A$2:$A$30,0),MATCH('Costos corrientes'!E$1,'2018'!$B$1:$P$1,0)),NA()) -> 0 | F45: =IFERROR(INDEX('2018'!$B$2:$P$30,MATCH('Costos corrientes'!$A45,'2018'!$A$2:$A$30,0),MATCH('Costos corrientes'!F$1,'2018'!$B$1:$P$1,0)),NA()) -> 119.87 | G45: =IFERROR(INDEX('2018'!$B$2:$P$30,MATCH('Costos corrientes'!$A45,'2018'!$A$2:$A$30,0),MATCH('Costos corrientes'!G$1,'2018'!$B$1:$P$1,0)),NA()) -> 9271 | H45: =IFERROR(INDEX('2018'!$B$2:$P$30,MATCH('Costos corrientes'!$A45,'2018'!$A$2:$A$30,0),MATCH('Costos corrientes'!H$1,'2018'!$B$1:$P$1,0)),NA()) -> 4
A46: H | B46: Geothermal | C46: 2019 | D46: =IFERROR(INDEX('2019'!$B$2:$P$30,MATCH('Costos corrientes'!$A46,'2019'!$A$2:$A$30,0),MATCH('Costos corrientes'!D$1,'2019'!$B$1:$P$1,0)),NA()) -> 2787 | E46: =IFERROR(INDEX('2019'!$B$2:$P$30,MATCH('Costos corrientes'!$A46,'2019'!$A$2:$A$30,0),MATCH('Costos corrientes'!E$1,'2019'!$B$1:$P$1,0)),NA()) -> 0 | F46: =IFERROR(INDEX('2019'!$B$2:$P$30,MATCH('Costos corrientes'!$A46,'2019'!$A$2:$A$30,0),MATCH('Costos corrientes'!F$1,'2019'!$B$1:$P$1,0)),NA()) -> 122.28 | G46: =IFERROR(INDEX('2019'!$B$2:$P$30,MATCH('Costos corrientes'!$A46,'2019'!$A$2:$A$30,0),MATCH('Costos corrientes'!G$1,'2019'!$B$1:$P$1,0)),NA()) -> NA | H46: =IFERROR(INDEX('2019'!$B$2:$P$30,MATCH('Costos corrientes'!$A46,'2019'!$A$2:$A$30,0),MATCH('Costos corrientes'!H$1,'2019'!$B$1:$P$1,0)),NA()) -> 4
A47: H | B47: Geothermal | C47: 2020 | D47: =IFERROR(INDEX('2020'!$B$2:$P$30,MATCH('Costos corrientes'!$A46,'2020'!$A$2:$A$30,0),MATCH('Costos corrientes'!D$1,'2020'!$B$1:$P$1,0)),NA()) -> 2680 | E47: =IFERROR(INDEX('2020'!$B$2:$P$30,MATCH('Costos corrientes'!$A46,'2020'!$A$2:$A$30,0),MATCH('Costos corrientes'!E$1,'2020'!$B$1:$P$1,0)),NA()) -> 1.16 | F47: =IFERROR(INDEX('2020'!$B$2:$P$30,MATCH('Costos corrientes'!$A46,'2020'!$A$2:$A$30,0),MATCH('Costos corrientes'!F$1,'2020'!$B$1:$P$1,0)),NA()) -> 113.29 | G47: =IFERROR(INDEX('2020'!$B$2:$P$30,MATCH('Costos corrientes'!$A46,'2020'!$A$2:$A$30,0),MATCH('Costos corrientes'!G$1,'2020'!$B$1:$P$1,0)),NA()) -> 9156 | H47: =IFERROR(INDEX('2020'!$B$2:$P$30,MATCH('Costos corrientes'!$A46,'2020'!$A$2:$A$30,0),MATCH('Costos corrientes'!H$1,'2020'!$B$1:$P$1,0)),NA()) -> 4
A48: H | B48: Geothermal | C48: 2021 | D48: =IFERROR(INDEX('2021'!$B$2:$P$30,MATCH('Costos corrientes'!$A46,'2021'!$A$2:$A$30,0),MATCH('Costos corrientes'!D$1,'2021'!$B$1:$P$1,0)),NA()) -> 2772 | E48: =IFERROR(INDEX('2021'!$B$2:$P$30,MATCH('Costos corrientes'!$A46,'2021'!$A$2:$A$30,0),MATCH('Costos corrientes'!E$1,'2021'!$B$1:$P$1,0)),NA()) -> 1.17 | F48: =IFERROR(INDEX('2021'!$B$2:$P$30,MATCH('Costos corrientes'!$A46,'2021'!$A$2:$A$30,0),MATCH('Costos corrientes'!F$1,'2021'!$B$1:$P$1,0)),NA()) -> 137.5 | G48: =IFERROR(INDEX('2021'!$B$2:$P$30,MATCH('Costos corrientes'!$A46,'2021'!$A$2:$A$30,0),MATCH('Costos corrientes'!G$1,'2021'!$B$1:$P$1,0)),NA()) -> 8946 | H48: =IFERROR(INDEX('2021'!$B$2:$P$30,MATCH('Costos corrientes'!$A46,'2021'!$A$2:$A$30,0),MATCH('Costos corrientes'!H$1,'2021'!$B$1:$P$1,0)),NA()) -> 4
A49: H | B49: Geothermal | C49: 2022 | D49: =IFERROR(INDEX('2022'!$B$2:$P$30,MATCH('Costos corrientes'!$A46,'2022'!$A$2:$A$30,0),MATCH('Costos corrientes'!D$1,'2022'!$B$1:$P$1,0)),NA()) -> 3076 | E49: =IFERROR(INDEX('2022'!$B$2:$P$30,MATCH('Costos corrientes'!$A46,'2022'!$A$2:$A$30,0),MATCH('Costos corrientes'!E$1,'2022'!$B$1:$P$1,0)),NA()) -> 1.21 | F49: =IFERROR(INDEX('2022'!$B$2:$P$30,MATCH('Costos corrientes'!$A46,'2022'!$A$2:$A$30,0),MATCH('Costos corrientes'!F$1,'2022'!$B$1:$P$1,0)),NA()) -> 143.22 | G49: =IFERROR(INDEX('2022'!$B$2:$P$30,MATCH('Costos corrientes'!$A46,'2022'!$A$2:$A$30,0),MATCH('Costos corrientes'!G$1,'2022'!$B$1:$P$1,0)),NA()) -> 8813 | H49: =IFERROR(INDEX('2022'!$B$2:$P$30,MATCH('Costos corrientes'!$A46,'2022'!$A$2:$A$30,0),MATCH('Costos corrientes'!H$1,'2022'!$B$1:$P$1,0)),NA()) -> 4
A50: H | B50: Geothermal | C50: 2023 | D50: =IFERROR(INDEX('2023'!$B$2:$P$30,MATCH('Costos corrientes'!$A47,'2023'!$A$2:$A$30,0),MATCH('Costos corrientes'!D$1,'2023'!$B$1:$P$1,0)),NA()) -> 3403 | E50: =IFERROR(INDEX('2023'!$B$2:$P$30,MATCH('Costos corrientes'!$A47,'2023'!$A$2:$A$30,0),MATCH('Costos corrientes'!E$1,'2023'!$B$1:$P$1,0)),NA()) -> 1.31 | F50: =IFERROR(INDEX('2023'!$B$2:$P$30,MATCH('Costos corrientes'!$A47,'2023'!$A$2:$A$30,0),MATCH('Costos corrientes'!F$1,'2023'!$B$1:$P$1,0)),NA()) -> 153.98 | G50: =IFERROR(INDEX('2023'!$B$2:$P$30,MATCH('Costos corrientes'!$A47,'2023'!$A$2:$A$30,0),MATCH('Costos corrientes'!G$1,'2023'!$B$1:$P$1,0)),NA()) -> 8881 | H50: =IFERROR(INDEX('2023'!$B$2:$P$30,MATCH('Costos corrientes'!$A47,'2023'!$A$2:$A$30,0),MATCH('Costos corrientes'!H$1,'2023'!$B$1:$P$1,0)),NA()) -> 4
A51: I | B51: Municipal solid waste—landfill gas | C51: 2018 | D51: =IFERROR(INDEX('2018'!$B$2:$P$30,MATCH('Costos corrientes'!$A51,'2018'!$A$2:$A$30,0),MATCH('Costos corrientes'!D$1,'2018'!$B$1:$P$1,0)),NA()) -> 8742 | E51: =IFERROR(INDEX('2018'!$B$2:$P$30,MATCH('Costos corrientes'!$A51,'2018'!$A$2:$A$30,0),MATCH('Costos corrientes'!E$1,'2018'!$B$1:$P$1,0)),NA()) -> 9.29 | F51: =IFERROR(INDEX('2018'!$B$2:$P$30,MATCH('Costos corrientes'!$A51,'2018'!$A$2:$A$30,0),MATCH('Costos corrientes'!F$1,'2018'!$B$1:$P$1,0)),NA()) -> 417.02 | G51: =IFERROR(INDEX('2018'!$B$2:$P$30,MATCH('Costos corrientes'!$A51,'2018'!$A$2:$A$30,0),MATCH('Costos corrientes'!G$1,'2018'!$B$1:$P$1,0)),NA()) -> 18000 | H51: =IFERROR(INDEX('2018'!$B$2:$P$30,MATCH('Costos corrientes'!$A51,'2018'!$A$2:$A$30,0),MATCH('Costos corrientes'!H$1,'2018'!$B$1:$P$1,0)),NA()) -> 3
A52: I | B52: Municipal solid waste—landfill gas | C52: 2019 | D52: =IFERROR(INDEX('2019'!$B$2:$P$30,MATCH('Costos corrientes'!$A52,'2019'!$A$2:$A$30,0),MATCH('Costos corrientes'!D$1,'2019'!$B$1:$P$1,0)),NA()) -> 8895 | E52: =IFERROR(INDEX('2019'!$B$2:$P$30,MATCH('Costos corrientes'!$A52,'2019'!$A$2:$A$30,0),MATCH('Costos corrientes'!E$1,'2019'!$B$1:$P$1,0)),NA()) -> 9.47 | F52: =IFERROR(INDEX('2019'!$B$2:$P$30,MATCH('Costos corrientes'!$A52,'2019'!$A$2:$A$30,0),MATCH('Costos corrientes'!F$1,'2019'!$B$1:$P$1,0)),NA()) -> 425.38 | G52: =IFERROR(INDEX('2019'!$B$2:$P$30,MATCH('Costos corrientes'!$A52,'2019'!$A$2:$A$30,0),MATCH('Costos corrientes'!G$1,'2019'!$B$1:$P$1,0)),NA()) -> 18000 | H52: =IFERROR(INDEX('2019'!$B$2:$P$30,MATCH('Costos corrientes'!$A52,'2019'!$A$2:$A$30,0),MATCH('Costos corrientes'!H$1,'2019'!$B$1:$P$1,0)),NA()) -> 3
A53: I | B53: Municipal solid waste—landfill gas | C53: 2020 | D53: =IFERROR(INDEX('2020'!$B$2:$P$30,MATCH('Costos corrientes'!$A52,'2020'!$A$2:$A$30,0),MATCH('Costos corrientes'!D$1,'2020'!$B$1:$P$1,0)),NA()) -> 1557 | E53: =IFERROR(INDEX('2020'!$B$2:$P$30,MATCH('Costos corrientes'!$A52,'2020'!$A$2:$A$30,0),MATCH('Costos corrientes'!E$1,'2020'!$B$1:$P$1,0)),NA()) -> 6.17 | F53: =IFERROR(INDEX('2020'!$B$2:$P$30,MATCH('Costos corrientes'!$A52,'2020'!$A$2:$A$30,0),MATCH('Costos corrientes'!F$1,'2020'!$B$1:$P$1,0)),NA()) -> 20.02 | G53: =IFERROR(INDEX('2020'!$B$2:$P$30,MATCH('Costos corrientes'!$A52,'2020'!$A$2:$A$30,0),MATCH('Costos corrientes'!G$1,'2020'!$B$1:$P$1,0)),NA()) -> 8513 | H53: =IFERROR(INDEX('2020'!$B$2:$P$30,MATCH('Costos corrientes'!$A52,'2020'!$A$2:$A$30,0),MATCH('Costos corrientes'!H$1,'2020'!$B$1:$P$1,0)),NA()) -> 3
A54: I | B54: Municipal solid waste—landfill gas | C54: 2021 | D54: =IFERROR(INDEX('2021'!$B$2:$P$30,MATCH('Costos corrientes'!$A52,'2021'!$A$2:$A$30,0),MATCH('Costos corrientes'!D$1,'2021'!$B$1:$P$1,0)),NA()) -> 1566 | E54: =IFERROR(INDEX('2021'!$B$2:$P$30,MATCH('Costos corrientes'!$A52,'2021'!$A$2:$A$30,0),MATCH('Costos corrientes'!E$1,'2021'!$B$1:$P$1,0)),NA()) -> 6.23 | F54: =IFERROR(INDEX('2021'!$B$2:$P$30,MATCH('Costos corrientes'!$A52,'2021'!$A$2:$A$30,0),MATCH('Costos corrientes'!F$1,'2021'!$B$1:$P$1,0)),NA()) -> 20.2 | G54: =IFERROR(INDEX('2021'!$B$2:$P$30,MATCH('Costos corrientes'!$A52,'2021'!$A$2:$A$30,0),MATCH('Costos corrientes'!G$1,'2021'!$B$1:$P$1,0)),NA()) -> 8513 | H54: =IFERROR(INDEX('2021'!$B$2:$P$30,MATCH('Costos corrientes'!$A52,'2021'!$A$2:$A$30,0),MATCH('Costos corrientes'!H$1,'2021'!$B$1:$P$1,0)),NA()) -> 3
A55: I | B55: Municipal solid waste—landfill gas | C55: 2022
A56: I | B56: Municipal solid waste—landfill gas | C56: 2023
A57: J | B57: Biomass | C57: 2018 | D57: =IFERROR(INDEX('2018'!$B$2:$P$30,MATCH('Costos corrientes'!$A57,'2018'!$A$2:$A$30,0),MATCH('Costos corrientes'!D$1,'2018'!$B$1:$P$1,0)),NA()) -> 3837 | E57: =IFERROR(INDEX('2018'!$B$2:$P$30,MATCH('Costos corrientes'!$A57,'2018'!$A$2:$A$30,0),MATCH('Costos corrientes'!E$1,'2018'!$B$1:$P$1,0)),NA()) -> 5.58 | F57: =IFERROR(INDEX('2018'!$B$2:$P$30,MATCH('Costos corrientes'!$A57,'2018'!$A$2:$A$30,0),MATCH('Costos corrientes'!F$1,'2018'!$B$1:$P$1,0)),NA()) -> 112.15 | G57: =IFERROR(INDEX('2018'!$B$2:$P$30,MATCH('Costos corrientes'!$A57,'2018'!$A$2:$A$30,0),MATCH('Costos corrientes'!G$1,'2018'!$B$1:$P$1,0)),NA()) -> 13500 | H57: =IFERROR(INDEX('2018'!$B$2:$P$30,MATCH('Costos corrientes'!$A57,'2018'!$A$2:$A$30,0),MATCH('Costos corrientes'!H$1,'2018'!$B$1:$P$1,0)),NA()) -> 4
A58: J | B58: Biomass | C58: 2019 | D58: =IFERROR(INDEX('2019'!$B$2:$P$30,MATCH('Costos corrientes'!$A58,'2019'!$A$2:$A$30,0),MATCH('Costos corrientes'!D$1,'2019'!$B$1:$P$1,0)),NA()) -> 3900 | E58: =IFERROR(INDEX('2019'!$B$2:$P$30,MATCH('Costos corrientes'!$A58,'2019'!$A$2:$A$30,0),MATCH('Costos corrientes'!E$1,'2019'!$B$1:$P$1,0)),NA()) -> 5.7 | F58: =IFERROR(INDEX('2019'!$B$2:$P$30,MATCH('Costos corrientes'!$A58,'2019'!$A$2:$A$30,0),MATCH('Costos corrientes'!F$1,'2019'!$B$1:$P$1,0)),NA()) -> 114.39 | G58: =IFERROR(INDEX('2019'!$B$2:$P$30,MATCH('Costos corrientes'!$A58,'2019'!$A$2:$A$30,0),MATCH('Costos corrientes'!G$1,'2019'!$B$1:$P$1,0)),NA()) -> 13500 | H58: =IFERROR(INDEX('2019'!$B$2:$P$30,MATCH('Costos corrientes'!$A58,'2019'!$A$2:$A$30,0),MATCH('Costos corrientes'!H$1,'2019'!$B$1:$P$1,0)),NA()) -> 4
A59: J | B59: Biomass | C59: 2020 | D59: =IFERROR(INDEX('2020'!$B$2:$P$30,MATCH('Costos corrientes'!$A58,'2020'!$A$2:$A$30,0),MATCH('Costos corrientes'!D$1,'2020'!$B$1:$P$1,0)),NA()) -> 4104 | E59: =IFERROR(INDEX('2020'!$B$2:$P$30,MATCH('Costos corrientes'!$A58,'2020'!$A$2:$A$30,0),MATCH('Costos corrientes'!E$1,'2020'!$B$1:$P$1,0)),NA()) -> 4.81 | F59: =IFERROR(INDEX('2020'!$B$2:$P$30,MATCH('Costos corrientes'!$A58,'2020'!$A$2:$A$30,0),MATCH('Costos corrientes'!F$1,'2020'!$B$1:$P$1,0)),NA()) -> 125.19 | G59: =IFERROR(INDEX('2020'!$B$2:$P$30,MATCH('Costos corrientes'!$A58,'2020'!$A$2:$A$30,0),MATCH('Costos corrientes'!G$1,'2020'!$B$1:$P$1,0)),NA()) -> 13500 | H59: =IFERROR(INDEX('2020'!$B$2:$P$30,MATCH('Costos corrientes'!$A58,'2020'!$A$2:$A$30,0),MATCH('Costos corrientes'!H$1,'2020'!$B$1:$P$1,0)),NA()) -> 4
A60: J | B60: Biomass | C60: 2021 | D60: =IFERROR(INDEX('2021'!$B$2:$P$30,MATCH('Costos corrientes'!$A58,'2021'!$A$2:$A$30,0),MATCH('Costos corrientes'!D$1,'2021'!$B$1:$P$1,0)),NA()) -> 4078 | E60: =IFERROR(INDEX('2021'!$B$2:$P$30,MATCH('Costos corrientes'!$A58,'2021'!$A$2:$A$30,0),MATCH('Costos corrientes'!E$1,'2021'!$B$1:$P$1,0)),NA()) -> 4.85 | F60: =IFERROR(INDEX('2021'!$B$2:$P$30,MATCH('Costos corrientes'!$A58,'2021'!$A$2:$A$30,0),MATCH('Costos corrientes'!F$1,'2021'!$B$1:$P$1,0)),NA()) -> 126.36 | G60: =IFERROR(INDEX('2021'!$B$2:$P$30,MATCH('Costos corrientes'!$A58,'2021'!$A$2:$A$30,0),MATCH('Costos corrientes'!G$1,'2021'!$B$1:$P$1,0)),NA()) -> 13500 | H60: =IFERROR(INDEX('2021'!$B$2:$P$30,MATCH('Costos corrientes'!$A58,'2021'!$A$2:$A$30,0),MATCH('Costos corrientes'!H$1,'2021'!$B$1:$P$1,0)),NA()) -> 4
A61: J | B61: Biomass | C61: 2022 | D61: =IFERROR(INDEX('2022'!$B$2:$P$30,MATCH('Costos corrientes'!$A58,'2022'!$A$2:$A$30,0),MATCH('Costos corrientes'!D$1,'2022'!$B$1:$P$1,0)),NA()) -> 4525 | E61: =IFERROR(INDEX('2022'!$B$2:$P$30,MATCH('Costos corrientes'!$A58,'2022'!$A$2:$A$30,0),MATCH('Costos corrientes'!E$1,'2022'!$B$1:$P$1,0)),NA()) -> 5.06 | F61: =IFERROR(INDEX('2022'!$B$2:$P$30,MATCH('Costos corrientes'!$A58,'2022'!$A$2:$A$30,0),MATCH('Costos corrientes'!F$1,'2022'!$B$1:$P$1,0)),NA()) -> 131.62 | G61: =IFERROR(INDEX('2022'!$B$2:$P$30,MATCH('Costos corrientes'!$A58,'2022'!$A$2:$A$30,0),MATCH('Costos corrientes'!G$1,'2022'!$B$1:$P$1,0)),NA()) -> 13500 | H61: =IFERROR(INDEX('2022'!$B$2:$P$30,MATCH('Costos corrientes'!$A58,'2022'!$A$2:$A$30,0),MATCH('Costos corrientes'!H$1,'2022'!$B$1:$P$1,0)),NA()) -> 4
A62: J | B62: Biomass | C62: 2023 | D62: =IFERROR(INDEX('2023'!$B$2:$P$30,MATCH('Costos corrientes'!$A59,'2023'!$A$2:$A$30,0),MATCH('Costos corrientes'!D$1,'2023'!$B$1:$P$1,0)),NA()) -> 4998 | E62: =IFERROR(INDEX('2023'!$B$2:$P$30,MATCH('Costos corrientes'!$A59,'2023'!$A$2:$A$30,0),MATCH('Costos corrientes'!E$1,'2023'!$B$1:$P$1,0)),NA()) -> 5.44 | F62: =IFERROR(INDEX('2023'!$B$2:$P$30,MATCH('Costos corrientes'!$A59,'2023'!$A$2:$A$30,0),MATCH('Costos corrientes'!F$1,'2023'!$B$1:$P$1,0)),NA()) -> 141.5 | G62: =IFERROR(INDEX('2023'!$B$2:$P$30,MATCH('Costos corrientes'!$A59,'2023'!$A$2:$A$30,0),MATCH('Costos corrientes'!G$1,'2023'!$B$1:$P$1,0)),NA()) -> 13500 | H62: =IFERROR(INDEX('2023'!$B$2:$P$30,MATCH('Costos corrientes'!$A59,'2023'!$A$2:$A$30,0),MATCH('Costos corrientes'!H$1,'2023'!$B$1:$P$1,0)),NA()) -> 4
A63: K | B63: Battery storage | C63: 2018 | D63: =IFERROR(INDEX('2018'!$B$2:$P$30,MATCH('Costos corrientes'!$A63,'2018'!$A$2:$A$30,0),MATCH('Costos corrientes'!D$1,'2018'!$B$1:$P$1,0)),NA()) -> 2170 | E63: =IFERROR(INDEX('2018'!$B$2:$P$30,MATCH('Costos corrientes'!$A63,'2018'!$A$2:$A$30,0),MATCH('Costos corrientes'!E$1,'2018'!$B$1:$P$1,0)),NA()) -> 7.12 | F63: =IFERROR(INDEX('2018'!$B$2:$P$30,MATCH('Costos corrientes'!$A63,'2018'!$A$2:$A$30,0),MATCH('Costos corrientes'!F$1,'2018'!$B$1:$P$1,0)),NA()) -> 35.6 | G63: =IFERROR(INDEX('2018'!$B$2:$P$30,MATCH('Costos corrientes'!$A63,'2018'!$A$2:$A$30,0),MATCH('Costos corrientes'!G$1,'2018'!$B$1:$P$1,0)),NA()) -> N/A | H63: =IFERROR(INDEX('2018'!$B$2:$P$30,MATCH('Costos corrientes'!$A63,'2018'!$A$2:$A$30,0),MATCH('Costos corrientes'!H$1,'2018'!$B$1:$P$1,0)),NA()) -> 1
A64: K | B64: Battery storage | C64: 2019 | D64: =IFERROR(INDEX('2019'!$B$2:$P$30,MATCH('Costos corrientes'!$A64,'2019'!$A$2:$A$30,0),MATCH('Costos corrientes'!D$1,'2019'!$B$1:$P$1,0)),NA()) -> 1950 | E64: =IFERROR(INDEX('2019'!$B$2:$P$30,MATCH('Costos corrientes'!$A64,'2019'!$A$2:$A$30,0),MATCH('Costos corrientes'!E$1,'2019'!$B$1:$P$1,0)),NA()) -> 7.26 | F64: =IFERROR(INDEX('2019'!$B$2:$P$30,MATCH('Costos corrientes'!$A64,'2019'!$A$2:$A$30,0),MATCH('Costos corrientes'!F$1,'2019'!$B$1:$P$1,0)),NA()) -> 36.32 | G64: =IFERROR(INDEX('2019'!$B$2:$P$30,MATCH('Costos corrientes'!$A64,'2019'!$A$2:$A$30,0),MATCH('Costos corrientes'!G$1,'2019'!$B$1:$P$1,0)),NA()) -> NA | H64: =IFERROR(INDEX('2019'!$B$2:$P$30,MATCH('Costos corrientes'!$A64,'2019'!$A$2:$A$30,0),MATCH('Costos corrientes'!H$1,'2019'!$B$1:$P$1,0)),NA()) -> 1
A65: K | B65: Battery storage | C65: 2020 | D65: =IFERROR(INDEX('2020'!$B$2:$P$30,MATCH('Costos corrientes'!$A64,'2020'!$A$2:$A$30,0),MATCH('Costos corrientes'!D$1,'2020'!$B$1:$P$1,0)),NA()) -> 1383 | E65: =IFERROR(INDEX('2020'!$B$2:$P$30,MATCH('Costos corrientes'!$A64,'2020'!$A$2:$A$30,0),MATCH('Costos corrientes'!E$1,'2020'!$B$1:$P$1,0)),NA()) -> 0 | F65: =IFERROR(INDEX('2020'!$B$2:$P$30,MATCH('Costos corrientes'!$A64,'2020'!$A$2:$A$30,0),MATCH('Costos corrientes'!F$1,'2020'!$B$1:$P$1,0)),NA()) -> 24.7 | G65: =IFERROR(INDEX('2020'!$B$2:$P$30,MATCH('Costos corrientes'!$A64,'2020'!$A$2:$A$30,0),MATCH('Costos corrientes'!G$1,'2020'!$B$1:$P$1,0)),NA()) -> NA | H65: =IFERROR(INDEX('2020'!$B$2:$P$30,MATCH('Costos corrientes'!$A64,'2020'!$A$2:$A$30,0),MATCH('Costos corrientes'!H$1,'2020'!$B$1:$P$1,0)),NA()) -> 1
A66: K | B66: Battery storage | C66: 2021 | D66: =IFERROR(INDEX('2021'!$B$2:$P$30,MATCH('Costos corrientes'!$A64,'2021'!$A$2:$A$30,0),MATCH('Costos corrientes'!D$1,'2021'!$B$1:$P$1,0)),NA()) -> 1165 | E66: =IFERROR(INDEX('2021'!$B$2:$P$30,MATCH('Costos corrientes'!$A64,'2021'!$A$2:$A$30,0),MATCH('Costos corrientes'!E$1,'2021'!$B$1:$P$1,0)),NA()) -> 0 | F66: =IFERROR(INDEX('2021'!$B$2:$P$30,MATCH('Costos corrientes'!$A64,'2021'!$A$2:$A$30,0),MATCH('Costos corrientes'!F$1,'2021'!$B$1:$P$1,0)),NA()) -> 24.93 | G66: =IFERROR(INDEX('2021'!$B$2:$P$30,MATCH('Costos corrientes'!$A64,'2021'!$A$2:$A$30,0),MATCH('Costos corrientes'!G$1,'2021'!$B$1:$P$1,0)),NA()) -> NA | H66: =IFERROR(INDEX('2021'!$B$2:$P$30,MATCH('Costos corrientes'!$A64,'2021'!$A$2:$A$30,0),MATCH('Costos corrientes'!H$1,'2021'!$B$1:$P$1,0)),NA()) -> 1
A67: K | B67: Battery storage | C67: 2022 | D67: =IFERROR(INDEX('2022'!$B$2:$P$30,MATCH('Costos corrientes'!$A64,'2022'!$A$2:$A$30,0),MATCH('Costos corrientes'!D$1,'2022'!$B$1:$P$1,0)),NA()) -> 1316 | E67: =IFERROR(INDEX('2022'!$B$2:$P$30,MATCH('Costos corrientes'!$A64,'2022'!$A$2:$A$30,0),MATCH('Costos corrientes'!E$1,'2022'!$B$1:$P$1,0)),NA()) -> 0 | F67: =IFERROR(INDEX('2022'!$B$2:$P$30,MATCH('Costos corrientes'!$A64,'2022'!$A$2:$A$30,0),MATCH('Costos corrientes'!F$1,'2022'!$B$1:$P$1,0)),NA()) -> 25.96 | G67: =IFERROR(INDEX('2022'!$B$2:$P$30,MATCH('Costos corrientes'!$A64,'2022'!$A$2:$A$30,0),MATCH('Costos corrientes'!G$1,'2022'!$B$1:$P$1,0)),NA()) -> NA | H67: =IFERROR(INDEX('2022'!$B$2:$P$30,MATCH('Costos corrientes'!$A64,'2022'!$A$2:$A$30,0),MATCH('Costos corrientes'!H$1,'2022'!$B$1:$P$1,0)),NA()) -> 1
A68: K | B68: Battery storage | C68: 2023 | D68: =IFERROR(INDEX('2023'!$B$2:$P$30,MATCH('Costos corrientes'!$A65,'2023'!$A$2:$A$30,0),MATCH('Costos corrientes'!D$1,'2023'!$B$1:$P$1,0)),NA()) -> 1270 | E68: =IFERROR(INDEX('2023'!$B$2:$P$30,MATCH('Costos corrientes'!$A65,'2023'!$A$2:$A$30,0),MATCH('Costos corrientes'!E$1,'2023'!$B$1:$P$1,0)),NA()) -> 0 | F68: =IFERROR(INDEX('2023'!$B$2:$P$30,MATCH('Costos corrientes'!$A65,'2023'!$A$2:$A$30,0),MATCH('Costos corrientes'!F$1,'2023'!$B$1:$P$1,0)),NA()) -> 45.76 | G68: =IFERROR(INDEX('2023'!$B$2:$P$30,MATCH('Costos corrientes'!$A65,'2023'!$A$2:$A$30,0),MATCH('Costos corrientes'!G$1,'2023'!$B$1:$P$1,0)),NA()) -> NA | H68: =IFERROR(INDEX('2023'!$B$2:$P$30,MATCH('Costos corrientes'!$A65,'2023'!$A$2:$A$30,0),MATCH('Costos corrientes'!H$1,'2023'!$B$1:$P$1,0)),NA()) -> 1
A69: L | B69: Distributed generation—peak | C69: 2018 | D69: =IFERROR(INDEX('2018'!$B$2:$P$30,MATCH('Costos corrientes'!$A69,'2018'!$A$2:$A$30,0),MATCH('Costos corrientes'!D$1,'2018'!$B$1:$P$1,0)),NA()) -> 1866 | E69: =IFERROR(INDEX('2018'!$B$2:$P$30,MATCH('Costos corrientes'!$A69,'2018'!$A$2:$A$30,0),MATCH('Costos corrientes'!E$1,'2018'!$B$1:$P$1,0)),NA()) -> 8.23 | F69: =IFERROR(INDEX('2018'!$B$2:$P$30,MATCH('Costos corrientes'!$A69,'2018'!$A$2:$A$30,0),MATCH('Costos corrientes'!F$1,'2018'!$B$1:$P$1,0)),NA()) -> 18.52 | G69: =IFERROR(INDEX('2018'!$B$2:$P$30,MATCH('Costos corrientes'!$A69,'2018'!$A$2:$A$30,0),MATCH('Costos corrientes'!G$1,'2018'!$B$1:$P$1,0)),NA()) -> 9961 | H69: =IFERROR(INDEX('2018'!$B$2:$P$30,MATCH('Costos corrientes'!$A69,'2018'!$A$2:$A$30,0),MATCH('Costos corrientes'!H$1,'2018'!$B$1:$P$1,0)),NA()) -> 2
A70: L | B70: Distributed generation—peak | C70: 2019 | D70: =IFERROR(INDEX('2019'!$B$2:$P$30,MATCH('Costos corrientes'!$A70,'2019'!$A$2:$A$30,0),MATCH('Costos corrientes'!D$1,'2019'!$B$1:$P$1,0)),NA()) -> 1894 | E70: =IFERROR(INDEX('2019'!$B$2:$P$30,MATCH('Costos corrientes'!$A70,'2019'!$A$2:$A$30,0),MATCH('Costos corrientes'!E$1,'2019'!$B$1:$P$1,0)),NA()) -> 8.4 | F70: =IFERROR(INDEX('2019'!$B$2:$P$30,MATCH('Costos corrientes'!$A70,'2019'!$A$2:$A$30,0),MATCH('Costos corrientes'!F$1,'2019'!$B$1:$P$1,0)),NA()) -> 18.9 | G70: =IFERROR(INDEX('2019'!$B$2:$P$30,MATCH('Costos corrientes'!$A70,'2019'!$A$2:$A$30,0),MATCH('Costos corrientes'!G$1,'2019'!$B$1:$P$1,0)),NA()) -> 9948 | H70: =IFERROR(INDEX('2019'!$B$2:$P$30,MATCH('Costos corrientes'!$A70,'2019'!$A$2:$A$30,0),MATCH('Costos corrientes'!H$1,'2019'!$B$1:$P$1,0)),NA()) -> 2
A71: L | B71: Distributed generation—peak | C71: 2020 | D71: =IFERROR(INDEX('2020'!$B$2:$P$30,MATCH('Costos corrientes'!$A70,'2020'!$A$2:$A$30,0),MATCH('Costos corrientes'!D$1,'2020'!$B$1:$P$1,0)),NA()) -> 1868 | E71: =IFERROR(INDEX('2020'!$B$2:$P$30,MATCH('Costos corrientes'!$A70,'2020'!$A$2:$A$30,0),MATCH('Costos corrientes'!E$1,'2020'!$B$1:$P$1,0)),NA()) -> 8.57 | F71: =IFERROR(INDEX('2020'!$B$2:$P$30,MATCH('Costos corrientes'!$A70,'2020'!$A$2:$A$30,0),MATCH('Costos corrientes'!F$1,'2020'!$B$1:$P$1,0)),NA()) -> 19.28 | G71: =IFERROR(INDEX('2020'!$B$2:$P$30,MATCH('Costos corrientes'!$A70,'2020'!$A$2:$A$30,0),MATCH('Costos corrientes'!G$1,'2020'!$B$1:$P$1,0)),NA()) -> 9934 | H71: =IFERROR(INDEX('2020'!$B$2:$P$30,MATCH('Costos corrientes'!$A70,'2020'!$A$2:$A$30,0),MATCH('Costos corrientes'!H$1,'2020'!$B$1:$P$1,0)),NA()) -> 2
A72: L | B72: Distributed generation—peak | C72: 2021 | D72: =IFERROR(INDEX('2021'!$B$2:$P$30,MATCH('Costos corrientes'!$A70,'2021'!$A$2:$A$30,0),MATCH('Costos corrientes'!D$1,'2021'!$B$1:$P$1,0)),NA()) -> 1874 | E72: =IFERROR(INDEX('2021'!$B$2:$P$30,MATCH('Costos corrientes'!$A70,'2021'!$A$2:$A$30,0),MATCH('Costos corrientes'!E$1,'2021'!$B$1:$P$1,0)),NA()) -> 8.65 | F72: =IFERROR(INDEX('2021'!$B$2:$P$30,MATCH('Costos corrientes'!$A70,'2021'!$A$2:$A$30,0),MATCH('Costos corrientes'!F$1,'2021'!$B$1:$P$1,0)),NA()) -> 19.46 | G72: =IFERROR(INDEX('2021'!$B$2:$P$30,MATCH('Costos corrientes'!$A70,'2021'!$A$2:$A$30,0),MATCH('Costos corrientes'!G$1,'2021'!$B$1:$P$1,0)),NA()) -> 9921 | H72: =IFERROR(INDEX('2021'!$B$2:$P$30,MATCH('Costos corrientes'!$A70,'2021'!$A$2:$A$30,0),MATCH('Costos corrientes'!H$1,'2021'!$B$1:$P$1,0)),NA()) -> 2
A73: L | B73: Distributed generation—peak | C73: 2022 | D73: =IFERROR(INDEX('2022'!$B$2:$P$30,MATCH('Costos corrientes'!$A70,'2022'!$A$2:$A$30,0),MATCH('Costos corrientes'!D$1,'2022'!$B$1:$P$1,0)),NA()) -> 2079 | E73: =IFERROR(INDEX('2022'!$B$2:$P$30,MATCH('Costos corrientes'!$A70,'2022'!$A$2:$A$30,0),MATCH('Costos corrientes'!E$1,'2022'!$B$1:$P$1,0)),NA()) -> 9.01 | F73: =IFERROR(INDEX('2022'!$B$2:$P$30,MATCH('Costos corrientes'!$A70,'2022'!$A$2:$A$30,0),MATCH('Costos corrientes'!F$1,'2022'!$B$1:$P$1,0)),NA()) -> 20.27 | G73: =IFERROR(INDEX('2022'!$B$2:$P$30,MATCH('Costos corrientes'!$A70,'2022'!$A$2:$A$30,0),MATCH('Costos corrientes'!G$1,'2022'!$B$1:$P$1,0)),NA()) -> 9907 | H73: =IFERROR(INDEX('2022'!$B$2:$P$30,MATCH('Costos corrientes'!$A70,'2022'!$A$2:$A$30,0),MATCH('Costos corrientes'!H$1,'2022'!$B$1:$P$1,0)),NA()) -> 2
A74: L | B74: Distributed generation—peak | C74: 2023 | D74: =IFERROR(INDEX('2023'!$B$2:$P$30,MATCH('Costos corrientes'!$A71,'2023'!$A$2:$A$30,0),MATCH('Costos corrientes'!D$1,'2023'!$B$1:$P$1,0)),NA()) -> 2300 | E74: =IFERROR(INDEX('2023'!$B$2:$P$30,MATCH('Costos corrientes'!$A71,'2023'!$A$2:$A$30,0),MATCH('Costos corrientes'!E$1,'2023'!$B$1:$P$1,0)),NA()) -> 9.69 | F74: =IFERROR(INDEX('2023'!$B$2:$P$30,MATCH('Costos corrientes'!$A71,'2023'!$A$2:$A$30,0),MATCH('Costos corrientes'!F$1,'2023'!$B$1:$P$1,0)),NA()) -> 21.79 | G74: =IFERROR(INDEX('2023'!$B$2:$P$30,MATCH('Costos corrientes'!$A71,'2023'!$A$2:$A$30,0),MATCH('Costos corrientes'!G$1,'2023'!$B$1:$P$1,0)),NA()) -> 9894 | H74: =IFERROR(INDEX('2023'!$B$2:$P$30,MATCH('Costos corrientes'!$A71,'2023'!$A$2:$A$30,0),MATCH('Costos corrientes'!H$1,'2023'!$B$1:$P$1,0)),NA()) -> 2
A75: M | B75: Distributed generation—base | C75: 2018 | D75: =IFERROR(INDEX('2018'!$B$2:$P$30,MATCH('Costos corrientes'!$A75,'2018'!$A$2:$A$30,0),MATCH('Costos corrientes'!D$1,'2018'!$B$1:$P$1,0)),NA()) -> 1553 | E75: =IFERROR(INDEX('2018'!$B$2:$P$30,MATCH('Costos corrientes'!$A75,'2018'!$A$2:$A$30,0),MATCH('Costos corrientes'!E$1,'2018'!$B$1:$P$1,0)),NA()) -> 8.23 | F75: =IFERROR(INDEX('2018'!$B$2:$P$30,MATCH('Costos corrientes'!$A75,'2018'!$A$2:$A$30,0),MATCH('Costos corrientes'!F$1,'2018'!$B$1:$P$1,0)),NA()) -> 18.52 | G75: =IFERROR(INDEX('2018'!$B$2:$P$30,MATCH('Costos corrientes'!$A75,'2018'!$A$2:$A$30,0),MATCH('Costos corrientes'!G$1,'2018'!$B$1:$P$1,0)),NA()) -> 8969 | H75: =IFERROR(INDEX('2018'!$B$2:$P$30,MATCH('Costos corrientes'!$A75,'2018'!$A$2:$A$30,0),MATCH('Costos corrientes'!H$1,'2018'!$B$1:$P$1,0)),NA()) -> 3
A76: M | B76: Distributed generation—base | C76: 2019 | D76: =IFERROR(INDEX('2019'!$B$2:$P$30,MATCH('Costos corrientes'!$A76,'2019'!$A$2:$A$30,0),MATCH('Costos corrientes'!D$1,'2019'!$B$1:$P$1,0)),NA()) -> 1576 | E76: =IFERROR(INDEX('2019'!$B$2:$P$30,MATCH('Costos corrientes'!$A76,'2019'!$A$2:$A$30,0),MATCH('Costos corrientes'!E$1,'2019'!$B$1:$P$1,0)),NA()) -> 8.4 | F76: =IFERROR(INDEX('2019'!$B$2:$P$30,MATCH('Costos corrientes'!$A76,'2019'!$A$2:$A$30,0),MATCH('Costos corrientes'!F$1,'2019'!$B$1:$P$1,0)),NA()) -> 18.9 | G76: =IFERROR(INDEX('2019'!$B$2:$P$30,MATCH('Costos corrientes'!$A76,'2019'!$A$2:$A$30,0),MATCH('Costos corrientes'!G$1,'2019'!$B$1:$P$1,0)),NA()) -> 8958 | H76: =IFERROR(INDEX('2019'!$B$2:$P$30,MATCH('Costos corrientes'!$A76,'2019'!$A$2:$A$30,0),MATCH('Costos corrientes'!H$1,'2019'!$B$1:$P$1,0)),NA()) -> 3
A77: M | B77: Distributed generation—base | C77: 2020 | D77: =IFERROR(INDEX('2020'!$B$2:$P$30,MATCH('Costos corrientes'!$A76,'2020'!$A$2:$A$30,0),MATCH('Costos corrientes'!D$1,'2020'!$B$1:$P$1,0)),NA()) -> 1555 | E77: =IFERROR(INDEX('2020'!$B$2:$P$30,MATCH('Costos corrientes'!$A76,'2020'!$A$2:$A$30,0),MATCH('Costos corrientes'!E$1,'2020'!$B$1:$P$1,0)),NA()) -> 8.57 | F77: =IFERROR(INDEX('2020'!$B$2:$P$30,MATCH('Costos corrientes'!$A76,'2020'!$A$2:$A$30,0),MATCH('Costos corrientes'!F$1,'2020'!$B$1:$P$1,0)),NA()) -> 19.28 | G77: =IFERROR(INDEX('2020'!$B$2:$P$30,MATCH('Costos corrientes'!$A76,'2020'!$A$2:$A$30,0),MATCH('Costos corrientes'!G$1,'2020'!$B$1:$P$1,0)),NA()) -> 8946 | H77: =IFERROR(INDEX('2020'!$B$2:$P$30,MATCH('Costos corrientes'!$A76,'2020'!$A$2:$A$30,0),MATCH('Costos corrientes'!H$1,'2020'!$B$1:$P$1,0)),NA()) -> 3
A78: M | B78: Distributed generation—base | C78: 2021 | D78: =IFERROR(INDEX('2021'!$B$2:$P$30,MATCH('Costos corrientes'!$A76,'2021'!$A$2:$A$30,0),MATCH('Costos corrientes'!D$1,'2021'!$B$1:$P$1,0)),NA()) -> 1560 | E78: =IFERROR(INDEX('2021'!$B$2:$P$30,MATCH('Costos corrientes'!$A76,'2021'!$A$2:$A$30,0),MATCH('Costos corrientes'!E$1,'2021'!$B$1:$P$1,0)),NA()) -> 8.65 | F78: =IFERROR(INDEX('2021'!$B$2:$P$30,MATCH('Costos corrientes'!$A76,'2021'!$A$2:$A$30,0),MATCH('Costos corrientes'!F$1,'2021'!$B$1:$P$1,0)),NA()) -> 19.46 | G78: =IFERROR(INDEX('2021'!$B$2:$P$30,MATCH('Costos corrientes'!$A76,'2021'!$A$2:$A$30,0),MATCH('Costos corrientes'!G$1,'2021'!$B$1:$P$1,0)),NA()) -> 8935 | H78: =IFERROR(INDEX('2021'!$B$2:$P$30,MATCH('Costos corrientes'!$A76,'2021'!$A$2:$A$30,0),MATCH('Costos corrientes'!H$1,'2021'!$B$1:$P$1,0)),NA()) -> 3
A79: M | B79: Distributed generation—base | C79: 2022 | D79: =IFERROR(INDEX('2022'!$B$2:$P$30,MATCH('Costos corrientes'!$A76,'2022'!$A$2:$A$30,0),MATCH('Costos corrientes'!D$1,'2022'!$B$1:$P$1,0)),NA()) -> 1731 | E79: =IFERROR(INDEX('2022'!$B$2:$P$30,MATCH('Costos corrientes'!$A76,'2022'!$A$2:$A$30,0),MATCH('Costos corrientes'!E$1,'2022'!$B$1:$P$1,0)),NA()) -> 9.01 | F79: =IFERROR(INDEX('2022'!$B$2:$P$30,MATCH('Costos corrientes'!$A76,'2022'!$A$2:$A$30,0),MATCH('Costos corrientes'!F$1,'2022'!$B$1:$P$1,0)),NA()) -> 20.27 | G79: =IFERROR(INDEX('2022'!$B$2:$P$30,MATCH('Costos corrientes'!$A76,'2022'!$A$2:$A$30,0),MATCH('Costos corrientes'!G$1,'2022'!$B$1:$P$1,0)),NA()) -> 8923 | H79: =IFERROR(INDEX('2022'!$B$2:$P$30,MATCH('Costos corrientes'!$A76,'2022'!$A$2:$A$30,0),MATCH('Costos corrientes'!H$1,'2022'!$B$1:$P$1,0)),NA()) -> 3
A80: M | B80: Distributed generation—base | C80: 2023 | D80: =IFERROR(INDEX('2023'!$B$2:$P$30,MATCH('Costos corrientes'!$A77,'2023'!$A$2:$A$30,0),MATCH('Costos corrientes'!D$1,'2023'!$B$1:$P$1,0)),NA()) -> 1915 | E80: =IFERROR(INDEX('2023'!$B$2:$P$30,MATCH('Costos corrientes'!$A77,'2023'!$A$2:$A$30,0),MATCH('Costos corrientes'!E$1,'2023'!$B$1:$P$1,0)),NA()) -> 9.69 | F80: =IFERROR(INDEX('2023'!$B$2:$P$30,MATCH('Costos corrientes'!$A77,'2023'!$A$2:$A$30,0),MATCH('Costos corrientes'!F$1,'2023'!$B$1:$P$1,0)),NA()) -> 21.79 | G80: =IFERROR(INDEX('2023'!$B$2:$P$30,MATCH('Costos corrientes'!$A77,'2023'!$A$2:$A$30,0),MATCH('Costos corrientes'!G$1,'2023'!$B$1:$P$1,0)),NA()) -> 8912 | H80: =IFERROR(INDEX('2023'!$B$2:$P$30,MATCH('Costos corrientes'!$A77,'2023'!$A$2:$A$30,0),MATCH('Costos corrientes'!H$1,'2023'!$B$1:$P$1,0)),NA()) -> 3
A81: N | B81: Adv Nuclear | C81: 2018 | D81: =IFERROR(INDEX('2018'!$B$2:$P$30,MATCH('Costos corrientes'!$A81,'2018'!$A$2:$A$30,0),MATCH('Costos corrientes'!D$1,'2018'!$B$1:$P$1,0)),NA()) -> 5946 | E81: =IFERROR(INDEX('2018'!$B$2:$P$30,MATCH('Costos corrientes'!$A81,'2018'!$A$2:$A$30,0),MATCH('Costos corrientes'!E$1,'2018'!$B$1:$P$1,0)),NA()) -> 2.32 | F81: =IFERROR(INDEX('2018'!$B$2:$P$30,MATCH('Costos corrientes'!$A81,'2018'!$A$2:$A$30,0),MATCH('Costos corrientes'!F$1,'2018'!$B$1:$P$1,0)),NA()) -> 101.28 | G81: =IFERROR(INDEX('2018'!$B$2:$P$30,MATCH('Costos corrientes'!$A81,'2018'!$A$2:$A$30,0),MATCH('Costos corrientes'!G$1,'2018'!$B$1:$P$1,0)),NA()) -> 10460 | H81: =IFERROR(INDEX('2018'!$B$2:$P$30,MATCH('Costos corrientes'!$A81,'2018'!$A$2:$A$30,0),MATCH('Costos corrientes'!H$1,'2018'!$B$1:$P$1,0)),NA()) -> 6
A82: N | B82: Adv Nuclear | C82: 2019 | D82: =IFERROR(INDEX('2019'!$B$2:$P$30,MATCH('Costos corrientes'!$A82,'2019'!$A$2:$A$30,0),MATCH('Costos corrientes'!D$1,'2019'!$B$1:$P$1,0)),NA()) -> 6034 | E82: =IFERROR(INDEX('2019'!$B$2:$P$30,MATCH('Costos corrientes'!$A82,'2019'!$A$2:$A$30,0),MATCH('Costos corrientes'!E$1,'2019'!$B$1:$P$1,0)),NA()) -> 2.37 | F82: =IFERROR(INDEX('2019'!$B$2:$P$30,MATCH('Costos corrientes'!$A82,'2019'!$A$2:$A$30,0),MATCH('Costos corrientes'!F$1,'2019'!$B$1:$P$1,0)),NA()) -> 103.31 | G82: =IFERROR(INDEX('2019'!$B$2:$P$30,MATCH('Costos corrientes'!$A82,'2019'!$A$2:$A$30,0),MATCH('Costos corrientes'!G$1,'2019'!$B$1:$P$1,0)),NA()) -> 10461 | H82: =IFERROR(INDEX('2019'!$B$2:$P$30,MATCH('Costos corrientes'!$A82,'2019'!$A$2:$A$30,0),MATCH('Costos corrientes'!H$1,'2019'!$B$1:$P$1,0)),NA()) -> 6
A83: N | B83: Adv Nuclear | C83: 2020 | D83: =IFERROR(INDEX('2020'!$B$2:$P$30,MATCH('Costos corrientes'!$A82,'2020'!$A$2:$A$30,0),MATCH('Costos corrientes'!D$1,'2020'!$B$1:$P$1,0)),NA()) -> 6317 | E83: =IFERROR(INDEX('2020'!$B$2:$P$30,MATCH('Costos corrientes'!$A82,'2020'!$A$2:$A$30,0),MATCH('Costos corrientes'!E$1,'2020'!$B$1:$P$1,0)),NA()) -> 2.36 | F83: =IFERROR(INDEX('2020'!$B$2:$P$30,MATCH('Costos corrientes'!$A82,'2020'!$A$2:$A$30,0),MATCH('Costos corrientes'!F$1,'2020'!$B$1:$P$1,0)),NA()) -> 121.13 | G83: =IFERROR(INDEX('2020'!$B$2:$P$30,MATCH('Costos corrientes'!$A82,'2020'!$A$2:$A$30,0),MATCH('Costos corrientes'!G$1,'2020'!$B$1:$P$1,0)),NA()) -> 10461 | H83: =IFERROR(INDEX('2020'!$B$2:$P$30,MATCH('Costos corrientes'!$A82,'2020'!$A$2:$A$30,0),MATCH('Costos corrientes'!H$1,'2020'!$B$1:$P$1,0)),NA()) -> 6
A84: N | B84: Adv Nuclear | C84: 2021
A85: N | B85: Adv Nuclear | C85: 2022
A86: N | B86: Adv Nuclear | C86: 2023
A87: O | B87: Nuclear--small modular reactor | C87: 2018
A88: O | B88: Nuclear--small modular reactor | C88: 2019
A89: O | B89: Nuclear--small modular reactor | C89: 2020
A90: O | B90: Nuclear--small modular reactor | C90: 2021 | D90: =IFERROR(INDEX('2021'!$B$2:$P$30,MATCH('Costos corrientes'!$A88,'2021'!$A$2:$A$30,0),MATCH('Costos corrientes'!D$1,'2021'!$B$1:$P$1,0)),NA()) -> 6802 | E90: =IFERROR(INDEX('2021'!$B$2:$P$30,MATCH('Costos corrientes'!$A88,'2021'!$A$2:$A$30,0),MATCH('Costos corrientes'!E$1,'2021'!$B$1:$P$1,0)),NA()) -> 3.02 | F90: =IFERROR(INDEX('2021'!$B$2:$P$30,MATCH('Costos corrientes'!$A88,'2021'!$A$2:$A$30,0),MATCH('Costos corrientes'!F$1,'2021'!$B$1:$P$1,0)),NA()) -> 95.48 | G90: =IFERROR(INDEX('2021'!$B$2:$P$30,MATCH('Costos corrientes'!$A88,'2021'!$A$2:$A$30,0),MATCH('Costos corrientes'!G$1,'2021'!$B$1:$P$1,0)),NA()) -> 10455 | H90: =IFERROR(INDEX('2021'!$B$2:$P$30,MATCH('Costos corrientes'!$A88,'2021'!$A$2:$A$30,0),MATCH('Costos corrientes'!H$1,'2021'!$B$1:$P$1,0)),NA()) -> 6
A91: O | B91: Nuclear--small modular reactor | C91: 2022 | D91: =IFERROR(INDEX('2022'!$B$2:$P$30,MATCH('Costos corrientes'!$A88,'2022'!$A$2:$A$30,0),MATCH('Costos corrientes'!D$1,'2022'!$B$1:$P$1,0)),NA()) -> 7547 | E91: =IFERROR(INDEX('2022'!$B$2:$P$30,MATCH('Costos corrientes'!$A88,'2022'!$A$2:$A$30,0),MATCH('Costos corrientes'!E$1,'2022'!$B$1:$P$1,0)),NA()) -> 3.14 | F91: =IFERROR(INDEX('2022'!$B$2:$P$30,MATCH('Costos corrientes'!$A88,'2022'!$A$2:$A$30,0),MATCH('Costos corrientes'!F$1,'2022'!$B$1:$P$1,0)),NA()) -> 99.46 | G91: =IFERROR(INDEX('2022'!$B$2:$P$30,MATCH('Costos corrientes'!$A88,'2022'!$A$2:$A$30,0),MATCH('Costos corrientes'!G$1,'2022'!$B$1:$P$1,0)),NA()) -> 10443 | H91: =IFERROR(INDEX('2022'!$B$2:$P$30,MATCH('Costos corrientes'!$A88,'2022'!$A$2:$A$30,0),MATCH('Costos corrientes'!H$1,'2022'!$B$1:$P$1,0)),NA()) -> 6
A92: O | B92: Nuclear--small modular reactor | C92: 2023 | D92: =IFERROR(INDEX('2023'!$B$2:$P$30,MATCH('Costos corrientes'!$A89,'2023'!$A$2:$A$30,0),MATCH('Costos corrientes'!D$1,'2023'!$B$1:$P$1,0)),NA()) -> 8349 | E92: =IFERROR(INDEX('2023'!$B$2:$P$30,MATCH('Costos corrientes'!$A89,'2023'!$A$2:$A$30,0),MATCH('Costos corrientes'!E$1,'2023'!$B$1:$P$1,0)),NA()) -> 3.38 | F92: =IFERROR(INDEX('2023'!$B$2:$P$30,MATCH('Costos corrientes'!$A89,'2023'!$A$2:$A$30,0),MATCH('Costos corrientes'!F$1,'2023'!$B$1:$P$1,0)),NA()) -> 106.92 | G92: =IFERROR(INDEX('2023'!$B$2:$P$30,MATCH('Costos corrientes'!$A89,'2023'!$A$2:$A$30,0),MATCH('Costos corrientes'!G$1,'2023'!$B$1:$P$1,0)),NA()) -> 10447 | H92: =IFERROR(INDEX('2023'!$B$2:$P$30,MATCH('Costos corrientes'!$A89,'2023'!$A$2:$A$30,0),MATCH('Costos corrientes'!H$1,'2023'!$B$1:$P$1,0)),NA()) -> 6
A93: P | B93: Nuclear--light water reactor | C93: 2018
A94: P | B94: Nuclear--light water reactor | C94: 2019
A95: P | B95: Nuclear--light water reactor | C95: 2020
A96: P | B96: Nuclear--light water reactor | C96: 2021 | D96: =IFERROR(INDEX('2021'!$B$2:$P$30,MATCH('Costos corrientes'!$A94,'2021'!$A$2:$A$30,0),MATCH('Costos corrientes'!D$1,'2021'!$B$1:$P$1,0)),NA()) -> 6336 | E96: =IFERROR(INDEX('2021'!$B$2:$P$30,MATCH('Costos corrientes'!$A94,'2021'!$A$2:$A$30,0),MATCH('Costos corrientes'!E$1,'2021'!$B$1:$P$1,0)),NA()) -> 2.38 | F96: =IFERROR(INDEX('2021'!$B$2:$P$30,MATCH('Costos corrientes'!$A94,'2021'!$A$2:$A$30,0),MATCH('Costos corrientes'!F$1,'2021'!$B$1:$P$1,0)),NA()) -> 122.26 | G96: =IFERROR(INDEX('2021'!$B$2:$P$30,MATCH('Costos corrientes'!$A94,'2021'!$A$2:$A$30,0),MATCH('Costos corrientes'!G$1,'2021'!$B$1:$P$1,0)),NA()) -> 10455 | H96: =IFERROR(INDEX('2021'!$B$2:$P$30,MATCH('Costos corrientes'!$A94,'2021'!$A$2:$A$30,0),MATCH('Costos corrientes'!H$1,'2021'!$B$1:$P$1,0)),NA()) -> 6
A97: P | B97: Nuclear--light water reactor | C97: 2022 | D97: =IFERROR(INDEX('2022'!$B$2:$P$30,MATCH('Costos corrientes'!$A94,'2022'!$A$2:$A$30,0),MATCH('Costos corrientes'!D$1,'2022'!$B$1:$P$1,0)),NA()) -> 7030 | E97: =IFERROR(INDEX('2022'!$B$2:$P$30,MATCH('Costos corrientes'!$A94,'2022'!$A$2:$A$30,0),MATCH('Costos corrientes'!E$1,'2022'!$B$1:$P$1,0)),NA()) -> 2.48 | F97: =IFERROR(INDEX('2022'!$B$2:$P$30,MATCH('Costos corrientes'!$A94,'2022'!$A$2:$A$30,0),MATCH('Costos corrientes'!F$1,'2022'!$B$1:$P$1,0)),NA()) -> 127.35 | G97: =IFERROR(INDEX('2022'!$B$2:$P$30,MATCH('Costos corrientes'!$A94,'2022'!$A$2:$A$30,0),MATCH('Costos corrientes'!G$1,'2022'!$B$1:$P$1,0)),NA()) -> 10443 | H97: =IFERROR(INDEX('2022'!$B$2:$P$30,MATCH('Costos corrientes'!$A94,'2022'!$A$2:$A$30,0),MATCH('Costos corrientes'!H$1,'2022'!$B$1:$P$1,0)),NA()) -> 6
A98: P | B98: Nuclear--light water reactor | C98: 2023 | D98: =IFERROR(INDEX('2023'!$B$2:$P$30,MATCH('Costos corrientes'!$A95,'2023'!$A$2:$A$30,0),MATCH('Costos corrientes'!D$1,'2023'!$B$1:$P$1,0)),NA()) -> 7777 | E98: =IFERROR(INDEX('2023'!$B$2:$P$30,MATCH('Costos corrientes'!$A95,'2023'!$A$2:$A$30,0),MATCH('Costos corrientes'!E$1,'2023'!$B$1:$P$1,0)),NA()) -> 2.67 | F98: =IFERROR(INDEX('2023'!$B$2:$P$30,MATCH('Costos corrientes'!$A95,'2023'!$A$2:$A$30,0),MATCH('Costos corrientes'!F$1,'2023'!$B$1:$P$1,0)),NA()) -> 136.91 | G98: =IFERROR(INDEX('2023'!$B$2:$P$30,MATCH('Costos corrientes'!$A95,'2023'!$A$2:$A$30,0),MATCH('Costos corrientes'!G$1,'2023'!$B$1:$P$1,0)),NA()) -> 10447 | H98: =IFERROR(INDEX('2023'!$B$2:$P$30,MATCH('Costos corrientes'!$A95,'2023'!$A$2:$A$30,0),MATCH('Costos corrientes'!H$1,'2023'!$B$1:$P$1,0)),NA()) -> 6
A99: Q | B99: Fuel Cells | C99: 2018 | D99: =IFERROR(INDEX('2018'!$B$2:$P$30,MATCH('Costos corrientes'!$A99,'2018'!$A$2:$A$30,0),MATCH('Costos corrientes'!D$1,'2018'!$B$1:$P$1,0)),NA()) -> 7132 | E99: =IFERROR(INDEX('2018'!$B$2:$P$30,MATCH('Costos corrientes'!$A99,'2018'!$A$2:$A$30,0),MATCH('Costos corrientes'!E$1,'2018'!$B$1:$P$1,0)),NA()) -> 45.64 | F99: =IFERROR(INDEX('2018'!$B$2:$P$30,MATCH('Costos corrientes'!$A99,'2018'!$A$2:$A$30,0),MATCH('Costos corrientes'!F$1,'2018'!$B$1:$P$1,0)),NA()) -> 0 | G99: =IFERROR(INDEX('2018'!$B$2:$P$30,MATCH('Costos corrientes'!$A99,'2018'!$A$2:$A$30,0),MATCH('Costos corrientes'!G$1,'2018'!$B$1:$P$1,0)),NA()) -> 9500 | H99: =IFERROR(INDEX('2018'!$B$2:$P$30,MATCH('Costos corrientes'!$A99,'2018'!$A$2:$A$30,0),MATCH('Costos corrientes'!H$1,'2018'!$B$1:$P$1,0)),NA()) -> 3
A100: Q | B100: Fuel Cells | C100: 2019 | D100: =IFERROR(INDEX('2019'!$B$2:$P$30,MATCH('Costos corrientes'!$A100,'2019'!$A$2:$A$30,0),MATCH('Costos corrientes'!D$1,'2019'!$B$1:$P$1,0)),NA()) -> 7197 | E100: =IFERROR(INDEX('2019'!$B$2:$P$30,MATCH('Costos corrientes'!$A100,'2019'!$A$2:$A$30,0),MATCH('Costos corrientes'!E$1,'2019'!$B$1:$P$1,0)),NA()) -> 46.56 | F100: =IFERROR(INDEX('2019'!$B$2:$P$30,MATCH('Costos corrientes'!$A100,'2019'!$A$2:$A$30,0),MATCH('Costos corrientes'!F$1,'2019'!$B$1:$P$1,0)),NA()) -> 0 | G100: =IFERROR(INDEX('2019'!$B$2:$P$30,MATCH('Costos corrientes'!$A100,'2019'!$A$2:$A$30,0),MATCH('Costos corrientes'!G$1,'2019'!$B$1:$P$1,0)),NA()) -> 9500 | H100: =IFERROR(INDEX('2019'!$B$2:$P$30,MATCH('Costos corrientes'!$A100,'2019'!$A$2:$A$30,0),MATCH('Costos corrientes'!H$1,'2019'!$B$1:$P$1,0)),NA()) -> 3
...

Sheet Costos costantes 2020
B1: 0.064 | C1: 2020 | D1: C | E1: D | F1: E | G1: F | H1: I
C2: Year | D2: Total overnight cost ($/kW) | E2: Variable O&M ($/MWh) | F2: Fixed O&M ($/kW-y) | G2: Heat rate (Btu/kWh) | H2: Lead time (years)
A3: A | B3: Conventional hydropower | C3: 2018 | D3: =IF(SUMIFS('Costos corrientes'!D$3:D$169,'Costos corrientes'!$A$3:$A$169,'Costos costantes 2020'!$A3,'Costos corrientes'!$B$3:$B$169,'Costos costantes 2020'!$B3,'Costos corrientes'!$C$3:$C$169,'Costos costantes 2020'!$C3)>0,SUMIFS('Costos corrientes'!D$3:D$169,'Costos corrientes'!$A$3:$A$169,'Costos costantes 2020'!$A3,'Costos corrientes'!$B$3:$B$169,'Costos costantes 2020'!$B3,'Costos corrientes'!$C$3:$C$169,'Costos costantes 2020'!$C3)/((1+$B$1)^($C3-$C$1)),NA()) -> 3280.8142 | E3: =IF(SUMIFS('Costos corrientes'!E$3:E$169,'Costos corrientes'!$A$3:$A$169,'Costos costantes 2020'!$A3,'Costos corrientes'!$B$3:$B$169,'Costos costantes 2020'!$B3,'Costos corrientes'!$C$3:$C$169,'Costos costantes 2020'!$C3)>0,SUMIFS('Costos corrientes'!E$3:E$169,'Costos corrientes'!$A$3:$A$169,'Costos costantes 2020'!$A3,'Costos corrientes'!$B$3:$B$169,'Costos costantes 2020'!$B3,'Costos corrientes'!$C$3:$C$169,'Costos costantes 2020'!$C3)/((1+$B$1)^($C3-$C$1)),NA()) -> 1.5056877 | F3: =IF(SUMIFS('Costos corrientes'!F$3:F$169,'Costos corrientes'!$A$3:$A$169,'Costos costantes 2020'!$A3,'Costos corrientes'!$B$3:$B$169,'Costos costantes 2020'!$B3,'Costos corrientes'!$C$3:$C$169,'Costos costantes 2020'!$C3)>0,SUMIFS('Costos corrientes'!F$3:F$169,'Costos corrientes'!$A$3:$A$169,'Costos costantes 2020'!$A3,'Costos corrientes'!$B$3:$B$169,'Costos costantes 2020'!$B3,'Costos corrientes'!$C$3:$C$169,'Costos costantes 2020'!$C3)/((1+$B$1)^($C3-$C$1)),NA()) -> 45.340445 | H3: =IFERROR(INDEX('2018'!$B$2:$P$30,MATCH('Costos costantes 2020'!$A3,'2018'!$A$2:$A$30,0),MATCH('Costos costantes 2020'!H$1,'2018'!$B$1:$P$1,0)),NA()) -> 4
A4: A | B4: Conventional hydropower | C4: 2019 | D4: =IF(SUMIFS('Costos corrientes'!D$3:D$169,'Costos corrientes'!$A$3:$A$169,'Costos costantes 2020'!$A4,'Costos corrientes'!$B$3:$B$169,'Costos costantes 2020'!$B4,'Costos corrientes'!$C$3:$C$169,'Costos costantes 2020'!$C4)>0,SUMIFS('Costos corrientes'!D$3:D$169,'Costos corrientes'!$A$3:$A$169,'Costos costantes 2020'!$A4,'Costos corrientes'!$B$3:$B$169,'Costos costantes 2020'!$B4,'Costos corrientes'!$C$3:$C$169,'Costos costantes 2020'!$C4)/((1+$B$1)^($C4-$C$1)),NA()) -> 3136.672 | E4: =IF(SUMIFS('Costos corrientes'!E$3:E$169,'Costos corrientes'!$A$3:$A$169,'Costos costantes 2020'!$A4,'Costos corrientes'!$B$3:$B$169,'Costos costantes 2020'!$B4,'Costos corrientes'!$C$3:$C$169,'Costos costantes 2020'!$C4)>0,SUMIFS('Costos corrientes'!E$3:E$169,'Costos corrientes'!$A$3:$A$169,'Costos costantes 2020'!$A4,'Costos corrientes'!$B$3:$B$169,'Costos costantes 2020'!$B4,'Costos corrientes'!$C$3:$C$169,'Costos costantes 2020'!$C4)/((1+$B$1)^($C4-$C$1)),NA()) -> 1.44704 | F4: =IF(SUMIFS('Costos corrientes'!F$3:F$169,'Costos corrientes'!$A$3:$A$169,'Costos costantes 2020'!$A4,'Costos corrientes'!$B$3:$B$169,'Costos costantes 2020'!$B4,'Costos corrientes'!$C$3:$C$169,'Costos costantes 2020'!$C4)>0,SUMIFS('Costos corrientes'!F$3:F$169,'Costos corrientes'!$A$3:$A$169,'Costos costantes 2020'!$A4,'Costos corrientes'!$B$3:$B$169,'Costos costantes 2020'!$B4,'Costos corrientes'!$C$3:$C$169,'Costos costantes 2020'!$C4)/((1+$B$1)^($C4-$C$1)),NA()) -> 43.4644 | H4: =IFERROR(INDEX('2019'!$B$2:$P$30,MATCH('Costos costantes 2020'!$A4,'2019'!$A$2:$A$30,0),MATCH('Costos costantes 2020'!H$1,'2019'!$B$1:$P$1,0)),NA()) -> 4
A5: A | B5: Conventional hydropower | C5: 2020 | D5: =IF(SUMIFS('Costos corrientes'!D$3:D$169,'Costos corrientes'!$A$3:$A$169,'Costos costantes 2020'!$A5,'Costos corrientes'!$B$3:$B$169,'Costos costantes 2020'!$B5,'Costos corrientes'!$C$3:$C$169,'Costos costantes 2020'!$C5)>0,SUMIFS('Costos corrientes'!D$3:D$169,'Costos corrientes'!$A$3:$A$169,'Costos costantes 2020'!$A5,'Costos corrientes'!$B$3:$B$169,'Costos costantes 2020'!$B5,'Costos corrientes'!$C$3:$C$169,'Costos costantes 2020'!$C5)/((1+$B$1)^($C5-$C$1)),NA()) -> 2752 | E5: =IF(SUMIFS('Costos corrientes'!E$3:E$169,'Costos corrientes'!$A$3:$A$169,'Costos costantes 2020'!$A5,'Costos corrientes'!$B$3:$B$169,'Costos costantes 2020'!$B5,'Costos corrientes'!$C$3:$C$169,'Costos costantes 2020'!$C5)>0,SUMIFS('Costos corrientes'!E$3:E$169,'Costos corrientes'!$A$3:$A$169,'Costos costantes 2020'!$A5,'Costos corrientes'!$B$3:$B$169,'Costos costantes 2020'!$B5,'Costos corrientes'!$C$3:$C$169,'Costos costantes 2020'!$C5)/((1+$B$1)^($C5-$C$1)),NA()) -> 1.39 | F5: =IF(SUMIFS('Costos corrientes'!F$3:F$169,'Costos corrientes'!$A$3:$A$169,'Costos costantes 2020'!$A5,'Costos corrientes'!$B$3:$B$169,'Costos costantes 2020'!$B5,'Costos corrientes'!$C$3:$C$169,'Costos costantes 2020'!$C5)>0,SUMIFS('Costos corrientes'!F$3:F$169,'Costos corrientes'!$A$3:$A$169,'Costos costantes 2020'!$A5,'Costos corrientes'!$B$3:$B$169,'Costos costantes 2020'!$B5,'Costos corrientes'!$C$3:$C$169,'Costos costantes 2020'!$C5)/((1+$B$1)^($C5-$C$1)),NA()) -> 41.63 | H5: =IFERROR(INDEX('2020'!$B$2:$P$30,MATCH('Costos costantes 2020'!$A4,'2020'!$A$2:$A$30,0),MATCH('Costos costantes 2020'!H$1,'2020'!$B$1:$P$1,0)),NA()) -> 4
A6: A | B6: Conventional hydropower | C6: 2021 | D6: =IF(SUMIFS('Costos corrientes'!D$3:D$169,'Costos corrientes'!$A$3:$A$169,'Costos costantes 2020'!$A6,'Costos corrientes'!$B$3:$B$169,'Costos costantes 2020'!$B6,'Costos corrientes'!$C$3:$C$169,'Costos costantes 2020'!$C6)>0,SUMIFS('Costos corrientes'!D$3:D$169,'Costos corrientes'!$A$3:$A$169,'Costos costantes 2020'!$A6,'Costos corrientes'!$B$3:$B$169,'Costos costantes 2020'!$B6,'Costos corrientes'!$C$3:$C$169,'Costos costantes 2020'!$C6)/((1+$B$1)^($C6-$C$1)),NA()) -> 2602.4436 | E6: =IF(SUMIFS('Costos corrientes'!E$3:E$169,'Costos corrientes'!$A$3:$A$169,'Costos costantes 2020'!$A6,'Costos corrientes'!$B$3:$B$169,'Costos costantes 2020'!$B6,'Costos corrientes'!$C$3:$C$169,'Costos costantes 2020'!$C6)>0,SUMIFS('Costos corrientes'!E$3:E$169,'Costos corrientes'!$A$3:$A$169,'Costos costantes 2020'!$A6,'Costos corrientes'!$B$3:$B$169,'Costos costantes 2020'!$B6,'Costos corrientes'!$C$3:$C$169,'Costos costantes 2020'!$C6)/((1+$B$1)^($C6-$C$1)),NA()) -> 1.3157895 | F6: =IF(SUMIFS('Costos corrientes'!F$3:F$169,'Costos corrientes'!$A$3:$A$169,'Costos costantes 2020'!$A6,'Costos corrientes'!$B$3:$B$169,'Costos costantes 2020'!$B6,'Costos corrientes'!$C$3:$C$169,'Costos costantes 2020'!$C6)>0,SUMIFS('Costos corrientes'!F$3:F$169,'Costos corrientes'!$A$3:$A$169,'Costos costantes 2020'!$A6,'Costos corrientes'!$B$3:$B$169,'Costos costantes 2020'!$B6,'Costos corrientes'!$C$3:$C$169,'Costos costantes 2020'!$C6)/((1+$B$1)^($C6-$C$1)),NA()) -> 39.483083 | H6: =IFERROR(INDEX('2021'!$B$2:$P$30,MATCH('Costos costantes 2020'!$A4,'2021'!$A$2:$A$30,0),MATCH('Costos costantes 2020'!H$1,'2021'!$B$1:$P$1,0)),NA()) -> 4
A7: A | B7: Conventional hydropower | C7: 2022 | D7: =IF(SUMIFS('Costos corrientes'!D$3:D$169,'Costos corrientes'!$A$3:$A$169,'Costos costantes 2020'!$A7,'Costos corrientes'!$B$3:$B$169,'Costos costantes 2020'!$B7,'Costos corrientes'!$C$3:$C$169,'Costos costantes 2020'!$C7)>0,SUMIFS('Costos corrientes'!D$3:D$169,'Costos corrientes'!$A$3:$A$169,'Costos costantes 2020'!$A7,'Costos corrientes'!$B$3:$B$169,'Costos costantes 2020'!$B7,'Costos corrientes'!$C$3:$C$169,'Costos costantes 2020'!$C7)/((1+$B$1)^($C7-$C$1)),NA()) -> 2723.2673 | E7: =IF(SUMIFS('Costos corrientes'!E$3:E$169,'Costos corrientes'!$A$3:$A$169,'Costos costantes 2020'!$A7,'Costos corrientes'!$B$3:$B$169,'Costos costantes 2020'!$B7,'Costos corrientes'!$C$3:$C$169,'Costos costantes 2020'!$C7)>0,SUMIFS('Costos corrientes'!E$3:E$169,'Costos corrientes'!$A$3:$A$169,'Costos costantes 2020'!$A7,'Costos corrientes'!$B$3:$B$169,'Costos costantes 2020'!$B7,'Costos corrientes'!$C$3:$C$169,'Costos costantes 2020'!$C7)/((1+$B$1)^($C7-$C$1)),NA()) -> 1.2896433 | F7: =IF(SUMIFS('Costos corrientes'!F$3:F$169,'Costos corrientes'!$A$3:$A$169,'Costos costantes 2020'!$A7,'Costos corrientes'!$B$3:$B$169,'Costos costantes 2020'!$B7,'Costos corrientes'!$C$3:$C$169,'Costos costantes 2020'!$C7)>0,SUMIFS('Costos corrientes'!F$3:F$169,'Costos corrientes'!$A$3:$A$169,'Costos costantes 2020'!$A7,'Costos corrientes'!$B$3:$B$169,'Costos costantes 2020'!$B7,'Costos corrientes'!$C$3:$C$169,'Costos costantes 2020'!$C7)/((1+$B$1)^($C7-$C$1)),NA()) -> 38.671632 | H7: =IFERROR(INDEX('2022'!$B$2:$P$30,MATCH('Costos costantes 2020'!$A4,'2022'!$A$2:$A$30,0),MATCH('Costos costantes 2020'!H$1,'2022'!$B$1:$P$1,0)),NA()) -> 4
A8: A | B8: Conventional hydropower | C8: 2023 | D8: =IF(SUMIFS('Costos corrientes'!D$3:D$169,'Costos corrientes'!$A$3:$A$169,'Costos costantes 2020'!$A8,'Costos corrientes'!$B$3:$B$169,'Costos costantes 2020'!$B8,'Costos corrientes'!$C$3:$C$169,'Costos costantes 2020'!$C8)>0,SUMIFS('Costos corrientes'!D$3:D$169,'Costos corrientes'!$A$3:$A$169,'Costos costantes 2020'!$A8,'Costos corrientes'!$B$3:$B$169,'Costos costantes 2020'!$B8,'Costos corrientes'!$C$3:$C$169,'Costos costantes 2020'!$C8)/((1+$B$1)^($C8-$C$1)),NA()) -> 2840.0644 | E8: =IF(SUMIFS('Costos corrientes'!E$3:E$169,'Costos corrientes'!$A$3:$A$169,'Costos costantes 2020'!$A8,'Costos corrientes'!$B$3:$B$169,'Costos costantes 2020'!$B8,'Costos corrientes'!$C$3:$C$169,'Costos costantes 2020'!$C8)>0,SUMIFS('Costos corrientes'!E$3:E$169,'Costos corrientes'!$A$3:$A$169,'Costos costantes 2020'!$A8,'Costos corrientes'!$B$3:$B$169,'Costos costantes 2020'!$B8,'Costos corrientes'!$C$3:$C$169,'Costos costantes 2020'!$C8)/((1+$B$1)^($C8-$C$1)),NA()) -> 1.3033912 | F8: =IF(SUMIFS('Costos corrientes'!F$3:F$169,'Costos corrientes'!$A$3:$A$169,'Costos costantes 2020'!$A8,'Costos corrientes'!$B$3:$B$169,'Costos costantes 2020'!$B8,'Costos corrientes'!$C$3:$C$169,'Costos costantes 2020'!$C8)>0,SUMIFS('Costos corrientes'!F$3:F$169,'Costos corrientes'!$A$3:$A$169,'Costos costantes 2020'!$A8,'Costos corrientes'!$B$3:$B$169,'Costos costantes 2020'!$B8,'Costos corrientes'!$C$3:$C$169,'Costos costantes 2020'!$C8)/((1+$B$1)^($C8-$C$1)),NA()) -> 39.068527 | H8: =IFERROR(INDEX('2022'!$B$2:$P$30,MATCH('Costos costantes 2020'!$A5,'2022'!$A$2:$A$30,0),MATCH('Costos costantes 2020'!H$1,'2022'!$B$1:$P$1,0)),NA()) -> 4
A9: B | B9: Wind | C9: 2018 | D9: =IF(SUMIFS('Costos corrientes'!D$3:D$169,'Costos corrientes'!$A$3:$A$169,'Costos costantes 2020'!$A9,'Costos corrientes'!$B$3:$B$169,'Costos costantes 2020'!$B9,'Costos corrientes'!$C$3:$C$169,'Costos costantes 2020'!$C9)>0,SUMIFS('Costos corrientes'!D$3:D$169,'Costos corrientes'!$A$3:$A$169,'Costos costantes 2020'!$A9,'Costos corrientes'!$B$3:$B$169,'Costos costantes 2020'!$B9,'Costos corrientes'!$C$3:$C$169,'Costos costantes 2020'!$C9)/((1+$B$1)^($C9-$C$1)),NA()) -> 1875.8831 | E9: =IF(SUMIFS('Costos corrientes'!E$3:E$169,'Costos corrientes'!$A$3:$A$169,'Costos costantes 2020'!$A9,'Costos corrientes'!$B$3:$B$169,'Costos costantes 2020'!$B9,'Costos corrientes'!$C$3:$C$169,'Costos costantes 2020'!$C9)>0,SUMIFS('Costos corrientes'!E$3:E$169,'Costos corrientes'!$A$3:$A$169,'Costos costantes 2020'!$A9,'Costos corrientes'!$B$3:$B$169,'Costos costantes 2020'!$B9,'Costos corrientes'!$C$3:$C$169,'Costos costantes 2020'!$C9)/((1+$B$1)^($C9-$C$1)),NA()) -> #N/A | F9: =IF(SUMIFS('Costos corrientes'!F$3:F$169,'Costos corrientes'!$A$3:$A$169,'Costos costantes 2020'!$A9,'Costos corrientes'!$B$3:$B$169,'Costos costantes 2020'!$B9,'Costos corrientes'!$C$3:$C$169,'Costos costantes 2020'!$C9)>0,SUMIFS('Costos corrientes'!F$3:F$169,'Costos corrientes'!$A$3:$A$169,'Costos costantes 2020'!$A9,'Costos corrientes'!$B$3:$B$169,'Costos costantes 2020'!$B9,'Costos corrientes'!$C$3:$C$169,'Costos costantes 2020'!$C9)/((1+$B$1)^($C9-$C$1)),NA()) -> 53.740597 | H9: =IFERROR(INDEX('2018'!$B$2:$P$30,MATCH('Costos costantes 2020'!$A9,'2018'!$A$2:$A$30,0),MATCH('Costos costantes 2020'!H$1,'2018'!$B$1:$P$1,0)),NA()) -> 3
A10: B | B10: Wind | C10: 2019 | D10: =IF(SUMIFS('Costos corrientes'!D$3:D$169,'Costos corrientes'!$A$3:$A$169,'Costos costantes 2020'!$A10,'Costos corrientes'!$B$3:$B$169,'Costos costantes 2020'!$B10,'Costos corrientes'!$C$3:$C$169,'Costos costantes 2020'!$C10)>0,SUMIFS('Costos corrientes'!D$3:D$169,'Costos corrientes'!$A$3:$A$169,'Costos costantes 2020'!$A10,'Costos corrientes'!$B$3:$B$169,'Costos costantes 2020'!$B10,'Costos corrientes'!$C$3:$C$169,'Costos costantes 2020'!$C10)/((1+$B$1)^($C10-$C$1)),NA()) -> 1727.936 | E10: =IF(SUMIFS('Costos corrientes'!E$3:E$169,'Costos corrientes'!$A$3:$A$169,'Costos costantes 2020'!$A10,'Costos corrientes'!$B$3:$B$169,'Costos costantes 2020'!$B10,'Costos corrientes'!$C$3:$C$169,'Costos costantes 2020'!$C10)>0,SUMIFS('Costos corrientes'!E$3:E$169,'Costos corrientes'!$A$3:$A$169,'Costos costantes 2020'!$A10,'Costos corrientes'!$B$3:$B$169,'Costos costantes 2020'!$B10,'Costos corrientes'!$C$3:$C$169,'Costos costantes 2020'!$C10)/((1+$B$1)^($C10-$C$1)),NA()) -> #N/A | F10: =IF(SUMIFS('Costos corrientes'!F$3:F$169,'Costos corrientes'!$A$3:$A$169,'Costos costantes 2020'!$A10,'Costos corrientes'!$B$3:$B$169,'Costos costantes 2020'!$B10,'Costos corrientes'!$C$3:$C$169,'Costos costantes 2020'!$C10)>0,SUMIFS('Costos corrientes'!F$3:F$169,'Costos corrientes'!$A$3:$A$169,'Costos costantes 2020'!$A10,'Costos corrientes'!$B$3:$B$169,'Costos costantes 2020'!$B10,'Costos corrientes'!$C$3:$C$169,'Costos costantes 2020'!$C10)/((1+$B$1)^($C10-$C$1)),NA()) -> 51.51888 | H10: =IFERROR(INDEX('2019'!$B$2:$P$30,MATCH('Costos costantes 2020'!$A10,'2019'!$A$2:$A$30,0),MATCH('Costos costantes 2020'!H$1,'2019'!$B$1:$P$1,0)),NA()) -> 3
A11: B | B11: Wind | C11: 2020 | D11: =IF(SUMIFS('Costos corrientes'!D$3:D$169,'Costos corrientes'!$A$3:$A$169,'Costos costantes 2020'!$A11,'Costos corrientes'!$B$3:$B$169,'Costos costantes 2020'!$B11,'Costos corrientes'!$C$3:$C$169,'Costos costantes 2020'!$C11)>0,SUMIFS('Costos corrientes'!D$3:D$169,'Costos corrientes'!$A$3:$A$169,'Costos costantes 2020'!$A11,'Costos corrientes'!$B$3:$B$169,'Costos costantes 2020'!$B11,'Costos corrientes'!$C$3:$C$169,'Costos costantes 2020'!$C11)/((1+$B$1)^($C11-$C$1)),NA()) -> 1319 | E11: =IF(SUMIFS('Costos corrientes'!E$3:E$169,'Costos corrientes'!$A$3:$A$169,'Costos costantes 2020'!$A11,'Costos corrientes'!$B$3:$B$169,'Costos costantes 2020'!$B11,'Costos corrientes'!$C$3:$C$169,'Costos costantes 2020'!$C11)>0,SUMIFS('Costos corrientes'!E$3:E$169,'Costos corrientes'!$A$3:$A$169,'Costos costantes 2020'!$A11,'Costos corrientes'!$B$3:$B$169,'Costos costantes 2020'!$B11,'Costos corrientes'!$C$3:$C$169,'Costos costantes 2020'!$C11)/((1+$B$1)^($C11-$C$1)),NA()) -> #N/A | F11: =IF(SUMIFS('Costos corrientes'!F$3:F$169,'Costos corrientes'!$A$3:$A$169,'Costos costantes 2020'!$A11,'Costos corrientes'!$B$3:$B$169,'Costos costantes 2020'!$B11,'Costos corrientes'!$C$3:$C$169,'Costos costantes 2020'!$C11)>0,SUMIFS('Costos corrientes'!F$3:F$169,'Costos corrientes'!$A$3:$A$169,'Costos costantes 2020'!$A11,'Costos corrientes'!$B$3:$B$169,'Costos costantes 2020'!$B11,'Costos corrientes'!$C$3:$C$169,'Costos costantes 2020'!$C11)/((1+$B$1)^($C11-$C$1)),NA()) -> 26.22 | H11: =IFERROR(INDEX('2020'!$B$2:$P$30,MATCH('Costos costantes 2020'!$A10,'2020'!$A$2:$A$30,0),MATCH('Costos costantes 2020'!H$1,'2020'!$B$1:$P$1,0)),NA()) -> 3
A12: B | B12: Wind | C12: 2021 | D12: =IF(SUMIFS('Costos corrientes'!D$3:D$169,'Costos corrientes'!$A$3:$A$169,'Costos costantes 2020'!$A12,'Costos corrientes'!$B$3:$B$169,'Costos costantes 2020'!$B12,'Costos corrientes'!$C$3:$C$169,'Costos costantes 2020'!$C12)>0,SUMIFS('Costos corrientes'!D$3:D$169,'Costos corrientes'!$A$3:$A$169,'Costos costantes 2020'!$A12,'Costos corrientes'!$B$3:$B$169,'Costos costantes 2020'!$B12,'Costos corrientes'!$C$3:$C$169,'Costos costantes 2020'!$C12)/((1+$B$1)^($C12-$C$1)),NA()) -> 1734.9624 | E12: =IF(SUMIFS('Costos corrientes'!E$3:E$169,'Costos corrientes'!$A$3:$A$169,'Costos costantes 2020'!$A12,'Costos corrientes'!$B$3:$B$169,'Costos costantes 2020'!$B12,'Costos corrientes'!$C$3:$C$169,'Costos costantes 2020'!$C12)>0,SUMIFS('Costos corrientes'!E$3:E$169,'Costos corrientes'!$A$3:$A$169,'Costos costantes 2020'!$A12,'Costos corrientes'!$B$3:$B$169,'Costos costantes 2020'!$B12,'Costos corrientes'!$C$3:$C$169,'Costos costantes 2020'!$C12)/((1+$B$1)^($C12-$C$1)),NA()) -> #N/A | F12: =IF(SUMIFS('Costos corrientes'!F$3:F$169,'Costos corrientes'!$A$3:$A$169,'Costos costantes 2020'!$A12,'Costos corrientes'!$B$3:$B$169,'Costos costantes 2020'!$B12,'Costos corrientes'!$C$3:$C$169,'Costos costantes 2020'!$C12)>0,SUMIFS('Costos corrientes'!F$3:F$169,'Costos corrientes'!$A$3:$A$169,'Costos costantes 2020'!$A12,'Costos corrientes'!$B$3:$B$169,'Costos costantes 2020'!$B12,'Costos corrientes'!$C$3:$C$169,'Costos costantes 2020'!$C12)/((1+$B$1)^($C12-$C$1)),NA()) -> 24.87782 | H12: =IFERROR(INDEX('2021'!$B$2:$P$30,MATCH('Costos costantes 2020'!$A10,'2021'!$A$2:$A$30,0),MATCH('Costos costantes 2020'!H$1,'2021'!$B$1:$P$1,0)),NA()) -> 3
A13: B | B13: Wind | C13: 2022 | D13: =IF(SUMIFS('Costos corrientes'!D$3:D$169,'Costos corrientes'!$A$3:$A$169,'Costos costantes 2020'!$A13,'Costos corrientes'!$B$3:$B$169,'Costos costantes 2020'!$B13,'Costos corrientes'!$C$3:$C$169,'Costos costantes 2020'!$C13)>0,SUMIFS('Costos corrientes'!D$3:D$169,'Costos corrientes'!$A$3:$A$169,'Costos costantes 2020'!$A13,'Costos corrientes'!$B$3:$B$169,'Costos costantes 2020'!$B13,'Costos corrientes'!$C$3:$C$169,'Costos costantes 2020'!$C13)/((1+$B$1)^($C13-$C$1)),NA()) -> 1517.5391 | E13: =IF(SUMIFS('Costos corrientes'!E$3:E$169,'Costos corrientes'!$A$3:$A$169,'Costos costantes 2020'!$A13,'Costos corrientes'!$B$3:$B$169,'Costos costantes 2020'!$B13,'Costos corrientes'!$C$3:$C$169,'Costos costantes 2020'!$C13)>0,SUMIFS('Costos corrientes'!E$3:E$169,'Costos corrientes'!$A$3:$A$169,'Costos costantes 2020'!$A13,'Costos corrientes'!$B$3:$B$169,'Costos costantes 2020'!$B13,'Costos corrientes'!$C$3:$C$169,'Costos costantes 2020'!$C13)/((1+$B$1)^($C13-$C$1)),NA()) -> #N/A | F13: =IF(SUMIFS('Costos corrientes'!F$3:F$169,'Costos corrientes'!$A$3:$A$169,'Costos costantes 2020'!$A13,'Costos corrientes'!$B$3:$B$169,'Costos costantes 2020'!$B13,'Costos corrientes'!$C$3:$C$169,'Costos costantes 2020'!$C13)>0,SUMIFS('Costos corrientes'!F$3:F$169,'Costos corrientes'!$A$3:$A$169,'Costos costantes 2020'!$A13,'Costos corrientes'!$B$3:$B$169,'Costos costantes 2020'!$B13,'Costos corrientes'!$C$3:$C$169,'Costos costantes 2020'!$C13)/((1+$B$1)^($C13-$C$1)),NA()) -> 24.353058 | H13: =IFERROR(INDEX('2022'!$B$2:$P$30,MATCH('Costos costantes 2020'!$A10,'2022'!$A$2:$A$30,0),MATCH('Costos costantes 2020'!H$1,'2022'!$B$1:$P$1,0)),NA()) -> 3
A14: B | B14: Wind | C14: 2023 | D14: =IF(SUMIFS('Costos corrientes'!D$3:D$169,'Costos corrientes'!$A$3:$A$169,'Costos costantes 2020'!$A14,'Costos corrientes'!$B$3:$B$169,'Costos costantes 2020'!$B14,'Costos corrientes'!$C$3:$C$169,'Costos costantes 2020'!$C14)>0,SUMIFS('Costos corrientes'!D$3:D$169,'Costos corrientes'!$A$3:$A$169,'Costos costantes 2020'!$A14,'Costos corrientes'!$B$3:$B$169,'Costos costantes 2020'!$B14,'Costos corrientes'!$C$3:$C$169,'Costos costantes 2020'!$C14)/((1+$B$1)^($C14-$C$1)),NA()) -> 1741.7291 | E14: =IF(SUMIFS('Costos corrientes'!E$3:E$169,'Costos corrientes'!$A$3:$A$169,'Costos costantes 2020'!$A14,'Costos corrientes'!$B$3:$B$169,'Costos costantes 2020'!$B14,'Costos corrientes'!$C$3:$C$169,'Costos costantes 2020'!$C14)>0,SUMIFS('Costos corrientes'!E$3:E$169,'Costos corrientes'!$A$3:$A$169,'Costos costantes 2020'!$A14,'Costos corrientes'!$B$3:$B$169,'Costos costantes 2020'!$B14,'Costos corrientes'!$C$3:$C$169,'Costos costantes 2020'!$C14)/((1+$B$1)^($C14-$C$1)),NA()) -> #N/A | F14: =IF(SUMIFS('Costos corrientes'!F$3:F$169,'Costos corrientes'!$A$3:$A$169,'Costos costantes 2020'!$A14,'Costos corrientes'!$B$3:$B$169,'Costos costantes 2020'!$B14,'Costos corrientes'!$C$3:$C$169,'Costos costantes 2020'!$C14)>0,SUMIFS('Costos corrientes'!F$3:F$169,'Costos corrientes'!$A$3:$A$169,'Costos costantes 2020'!$A14,'Costos corrientes'!$B$3:$B$169,'Costos costantes 2020'!$B14,'Costos corrientes'!$C$3:$C$169,'Costos costantes 2020'!$C14)/((1+$B$1)^($C14-$C$1)),NA()) -> 24.606697 | H14: =IFERROR(INDEX('2022'!$B$2:$P$30,MATCH('Costos costantes 2020'!$A11,'2022'!$A$2:$A$30,0),MATCH('Costos costantes 2020'!H$1,'2022'!$B$1:$P$1,0)),NA()) -> 3
A15: C | B15: Wind offshore | C15: 2018 | D15: =IF(SUMIFS('Costos corrientes'!D$3:D$169,'Costos corrientes'!$A$3:$A$169,'Costos costantes 2020'!$A15,'Costos corrientes'!$B$3:$B$169,'Costos costantes 2020'!$B15,'Costos corrientes'!$C$3:$C$169,'Costos costantes 2020'!$C15)>0,SUMIFS('Costos corrientes'!D$3:D$169,'Costos corrientes'!$A$3:$A$169,'Costos costantes 2020'!$A15,'Costos corrientes'!$B$3:$B$169,'Costos costantes 2020'!$B15,'Costos corrientes'!$C$3:$C$169,'Costos costantes 2020'!$C15)/((1+$B$1)^($C15-$C$1)),NA()) -> 7306.5476 | E15: =IF(SUMIFS('Costos corrientes'!E$3:E$169,'Costos corrientes'!$A$3:$A$169,'Costos costantes 2020'!$A15,'Costos corrientes'!$B$3:$B$169,'Costos costantes 2020'!$B15,'Costos corrientes'!$C$3:$C$169,'Costos costantes 2020'!$C15)>0,SUMIFS('Costos corrientes'!E$3:E$169,'Costos corrientes'!$A$3:$A$169,'Costos costantes 2020'!$A15,'Costos corrientes'!$B$3:$B$169,'Costos costantes 2020'!$B15,'Costos corrientes'!$C$3:$C$169,'Costos costantes 2020'!$C15)/((1+$B$1)^($C15-$C$1)),NA()) -> #N/A | F15: =IF(SUMIFS('Costos corrientes'!F$3:F$169,'Costos corrientes'!$A$3:$A$169,'Costos costantes 2020'!$A15,'Costos corrientes'!$B$3:$B$169,'Costos costantes 2020'!$B15,'Costos corrientes'!$C$3:$C$169,'Costos costantes 2020'!$C15)>0,SUMIFS('Costos corrientes'!F$3:F$169,'Costos corrientes'!$A$3:$A$169,'Costos costantes 2020'!$A15,'Costos corrientes'!$B$3:$B$169,'Costos costantes 2020'!$B15,'Costos corrientes'!$C$3:$C$169,'Costos costantes 2020'!$C15)/((1+$B$1)^($C15-$C$1)),NA()) -> 88.937462 | H15: =IFERROR(INDEX('2018'!$B$2:$P$30,MATCH('Costos costantes 2020'!$A15,'2018'!$A$2:$A$30,0),MATCH('Costos costantes 2020'!H$1,'2018'!$B$1:$P$1,0)),NA()) -> 4
A16: C | B16: Wind offshore | C16: 2019 | D16: =IF(SUMIFS('Costos corrientes'!D$3:D$169,'Costos corrientes'!$A$3:$A$169,'Costos costantes 2020'!$A16,'Costos corrientes'!$B$3:$B$169,'Costos costantes 2020'!$B16,'Costos corrientes'!$C$3:$C$169,'Costos costantes 2020'!$C16)>0,SUMIFS('Costos corrientes'!D$3:D$169,'Costos corrientes'!$A$3:$A$169,'Costos costantes 2020'!$A16,'Costos corrientes'!$B$3:$B$169,'Costos costantes 2020'!$B16,'Costos corrientes'!$C$3:$C$169,'Costos costantes 2020'!$C16)/((1+$B$1)^($C16-$C$1)),NA()) -> 6960.688 | E16: =IF(SUMIFS('Costos corrientes'!E$3:E$169,'Costos corrientes'!$A$3:$A$169,'Costos costantes 2020'!$A16,'Costos corrientes'!$B$3:$B$169,'Costos costantes 2020'!$B16,'Costos corrientes'!$C$3:$C$169,'Costos costantes 2020'!$C16)>0,SUMIFS('Costos corrientes'!E$3:E$169,'Costos corrientes'!$A$3:$A$169,'Costos costantes 2020'!$A16,'Costos corrientes'!$B$3:$B$169,'Costos costantes 2020'!$B16,'Costos corrientes'!$C$3:$C$169,'Costos costantes 2020'!$C16)/((1+$B$1)^($C16-$C$1)),NA()) -> #N/A | F16: =IF(SUMIFS('Costos corrientes'!F$3:F$169,'Costos corrientes'!$A$3:$A$169,'Costos costantes 2020'!$A16,'Costos corrientes'!$B$3:$B$169,'Costos costantes 2020'!$B16,'Costos corrientes'!$C$3:$C$169,'Costos costantes 2020'!$C16)>0,SUMIFS('Costos corrientes'!F$3:F$169,'Costos corrientes'!$A$3:$A$169,'Costos costantes 2020'!$A16,'Costos corrientes'!$B$3:$B$169,'Costos costantes 2020'!$B16,'Costos corrientes'!$C$3:$C$169,'Costos costantes 2020'!$C16)/((1+$B$1)^($C16-$C$1)),NA()) -> 85.26896 | H16: =IFERROR(INDEX('2019'!$B$2:$P$30,MATCH('Costos costantes 2020'!$A16,'2019'!$A$2:$A$30,0),MATCH('Costos costantes 2020'!H$1,'2019'!$B$1:$P$1,0)),NA()) -> 4
A17: C | B17: Wind offshore | C17: 2020 | D17: =IF(SUMIFS('Costos corrientes'!D$3:D$169,'Costos corrientes'!$A$3:$A$169,'Costos costantes 2020'!$A17,'Costos corrientes'!$B$3:$B$169,'Costos costantes 2020'!$B17,'Costos corrientes'!$C$3:$C$169,'Costos costantes 2020'!$C17)>0,SUMIFS('Costos corrientes'!D$3:D$169,'Costos corrientes'!$A$3:$A$169,'Costos costantes 2020'!$A17,'Costos corrientes'!$B$3:$B$169,'Costos costantes 2020'!$B17,'Costos corrientes'!$C$3:$C$169,'Costos costantes 2020'!$C17)/((1+$B$1)^($C17-$C$1)),NA()) -> 5446 | E17: =IF(SUMIFS('Costos corrientes'!E$3:E$169,'Costos corrientes'!$A$3:$A$169,'Costos costantes 2020'!$A17,'Costos corrientes'!$B$3:$B$169,'Costos costantes 2020'!$B17,'Costos corrientes'!$C$3:$C$169,'Costos costantes 2020'!$C17)>0,SUMIFS('Costos corrientes'!E$3:E$169,'Costos corrientes'!$A$3:$A$169,'Costos costantes 2020'!$A17,'Costos corrientes'!$B$3:$B$169,'Costos costantes 2020'!$B17,'Costos corrientes'!$C$3:$C$169,'Costos costantes 2020'!$C17)/((1+$B$1)^($C17-$C$1)),NA()) -> #N/A | F17: =IF(SUMIFS('Costos corrientes'!F$3:F$169,'Costos corrientes'!$A$3:$A$169,'Costos costantes 2020'!$A17,'Costos corrientes'!$B$3:$B$169,'Costos costantes 2020'!$B17,'Costos corrientes'!$C$3:$C$169,'Costos costantes 2020'!$C17)>0,SUMIFS('Costos corrientes'!F$3:F$169,'Costos corrientes'!$A$3:$A$169,'Costos costantes 2020'!$A17,'Costos corrientes'!$B$3:$B$169,'Costos costantes 2020'!$B17,'Costos corrientes'!$C$3:$C$169,'Costos costantes 2020'!$C17)/((1+$B$1)^($C17-$C$1)),NA()) -> 109.54 | H17: =IFERROR(INDEX('2020'!$B$2:$P$30,MATCH('Costos costantes 2020'!$A16,'2020'!$A$2:$A$30,0),MATCH('Costos costantes 2020'!H$1,'2020'!$B$1:$P$1,0)),NA()) -> 4
A18: C | B18: Wind offshore | C18: 2021 | D18: =IF(SUMIFS('Costos corrientes'!D$3:D$169,'Costos corrientes'!$A$3:$A$169,'Costos costantes 2020'!$A18,'Costos corrientes'!$B$3:$B$169,'Costos costantes 2020'!$B18,'Costos corrientes'!$C$3:$C$169,'Costos costantes 2020'!$C18)>0,SUMIFS('Costos corrientes'!D$3:D$169,'Costos corrientes'!$A$3:$A$169,'Costos costantes 2020'!$A18,'Costos corrientes'!$B$3:$B$169,'Costos costantes 2020'!$B18,'Costos corrientes'!$C$3:$C$169,'Costos costantes 2020'!$C18)/((1+$B$1)^($C18-$C$1)),NA()) -> 5125 | E18: =IF(SUMIFS('Costos corrientes'!E$3:E$169,'Costos corrientes'!$A$3:$A$169,'Costos costantes 2020'!$A18,'Costos corrientes'!$B$3:$B$169,'Costos costantes 2020'!$B18,'Costos corrientes'!$C$3:$C$169,'Costos costantes 2020'!$C18)>0,SUMIFS('Costos corrientes'!E$3:E$169,'Costos corrientes'!$A$3:$A$169,'Costos costantes 2020'!$A18,'Costos corrientes'!$B$3:$B$169,'Costos costantes 2020'!$B18,'Costos corrientes'!$C$3:$C$169,'Costos costantes 2020'!$C18)/((1+$B$1)^($C18-$C$1)),NA()) -> #N/A | F18: =IF(SUMIFS('Costos corrientes'!F$3:F$169,'Costos corrientes'!$A$3:$A$169,'Costos costantes 2020'!$A18,'Costos corrientes'!$B$3:$B$169,'Costos costantes 2020'!$B18,'Costos corrientes'!$C$3:$C$169,'Costos costantes 2020'!$C18)>0,SUMIFS('Costos corrientes'!F$3:F$169,'Costos corrientes'!$A$3:$A$169,'Costos costantes 2020'!$A18,'Costos corrientes'!$B$3:$B$169,'Costos costantes 2020'!$B18,'Costos corrientes'!$C$3:$C$169,'Costos costantes 2020'!$C18)/((1+$B$1)^($C18-$C$1)),NA()) -> 103.90977 | H18: =IFERROR(INDEX('2021'!$B$2:$P$30,MATCH('Costos costantes 2020'!$A16,'2021'!$A$2:$A$30,0),MATCH('Costos costantes 2020'!H$1,'2021'!$B$1:$P$1,0)),NA()) -> 4
A19: C | B19: Wind offshore | C19: 2022 | D19: =IF(SUMIFS('Costos corrientes'!D$3:D$169,'Costos corrientes'!$A$3:$A$169,'Costos costantes 2020'!$A19,'Costos corrientes'!$B$3:$B$169,'Costos costantes 2020'!$B19,'Costos corrientes'!$C$3:$C$169,'Costos costantes 2020'!$C19)>0,SUMIFS('Costos corrientes'!D$3:D$169,'Costos corrientes'!$A$3:$A$169,'Costos costantes 2020'!$A19,'Costos corrientes'!$B$3:$B$169,'Costos costantes 2020'!$B19,'Costos corrientes'!$C$3:$C$169,'Costos costantes 2020'!$C19)/((1+$B$1)^($C19-$C$1)),NA()) -> 5336.1199 | E19: =IF(SUMIFS('Costos corrientes'!E$3:E$169,'Costos corrientes'!$A$3:$A$169,'Costos costantes 2020'!$A19,'Costos corrientes'!$B$3:$B$169,'Costos costantes 2020'!$B19,'Costos corrientes'!$C$3:$C$169,'Costos costantes 2020'!$C19)>0,SUMIFS('Costos corrientes'!E$3:E$169,'Costos corrientes'!$A$3:$A$169,'Costos costantes 2020'!$A19,'Costos corrientes'!$B$3:$B$169,'Costos costantes 2020'!$B19,'Costos corrientes'!$C$3:$C$169,'Costos costantes 2020'!$C19)/((1+$B$1)^($C19-$C$1)),NA()) -> #N/A | F19: =IF(SUMIFS('Costos corrientes'!F$3:F$169,'Costos corrientes'!$A$3:$A$169,'Costos costantes 2020'!$A19,'Costos corrientes'!$B$3:$B$169,'Costos costantes 2020'!$B19,'Costos corrientes'!$C$3:$C$169,'Costos costantes 2020'!$C19)>0,SUMIFS('Costos corrientes'!F$3:F$169,'Costos corrientes'!$A$3:$A$169,'Costos costantes 2020'!$A19,'Costos corrientes'!$B$3:$B$169,'Costos costantes 2020'!$B19,'Costos corrientes'!$C$3:$C$169,'Costos costantes 2020'!$C19)/((1+$B$1)^($C19-$C$1)),NA()) -> 101.72282 | H19: =IFERROR(INDEX('2022'!$B$2:$P$30,MATCH('Costos costantes 2020'!$A16,'2022'!$A$2:$A$30,0),MATCH('Costos costantes 2020'!H$1,'2022'!$B$1:$P$1,0)),NA()) -> 4
A20: C | B20: Wind offshore | C20: 2023 | D20: =IF(SUMIFS('Costos corrientes'!D$3:D$169,'Costos corrientes'!$A$3:$A$169,'Costos costantes 2020'!$A20,'Costos corrientes'!$B$3:$B$169,'Costos costantes 2020'!$B20,'Costos corrientes'!$C$3:$C$169,'Costos costantes 2020'!$C20)>0,SUMIFS('Costos corrientes'!D$3:D$169,'Costos corrientes'!$A$3:$A$169,'Costos costantes 2020'!$A20,'Costos corrientes'!$B$3:$B$169,'Costos costantes 2020'!$B20,'Costos corrientes'!$C$3:$C$169,'Costos costantes 2020'!$C20)/((1+$B$1)^($C20-$C$1)),NA()) -> 5538.9973 | E20: =IF(SUMIFS('Costos corrientes'!E$3:E$169,'Costos corrientes'!$A$3:$A$169,'Costos costantes 2020'!$A20,'Costos corrientes'!$B$3:$B$169,'Costos costantes 2020'!$B20,'Costos corrientes'!$C$3:$C$169,'Costos costantes 2020'!$C20)>0,SUMIFS('Costos corrientes'!E$3:E$169,'Costos corrientes'!$A$3:$A$169,'Costos costantes 2020'!$A20,'Costos corrientes'!$B$3:$B$169,'Costos costantes 2020'!$B20,'Costos corrientes'!$C$3:$C$169,'Costos costantes 2020'!$C20)/((1+$B$1)^($C20-$C$1)),NA()) -> #N/A | F20: =IF(SUMIFS('Costos corrientes'!F$3:F$169,'Costos corrientes'!$A$3:$A$169,'Costos costantes 2020'!$A20,'Costos corrientes'!$B$3:$B$169,'Costos costantes 2020'!$B20,'Costos corrientes'!$C$3:$C$169,'Costos costantes 2020'!$C20)>0,SUMIFS('Costos corrientes'!F$3:F$169,'Costos corrientes'!$A$3:$A$169,'Costos costantes 2020'!$A20,'Costos corrientes'!$B$3:$B$169,'Costos costantes 2020'!$B20,'Costos corrientes'!$C$3:$C$169,'Costos costantes 2020'!$C20)/((1+$B$1)^($C20-$C$1)),NA()) -> 102.78526 | H20: =IFERROR(INDEX('2022'!$B$2:$P$30,MATCH('Costos costantes 2020'!$A17,'2022'!$A$2:$A$30,0),MATCH('Costos costantes 2020'!H$1,'2022'!$B$1:$P$1,0)),NA()) -> 4
A21: D | B21: Solar thermal | C21: 2018 | D21: =IF(SUMIFS('Costos corrientes'!D$3:D$169,'Costos corrientes'!$A$3:$A$169,'Costos costantes 2020'!$A21,'Costos corrientes'!$B$3:$B$169,'Costos costantes 2020'!$B21,'Costos corrientes'!$C$3:$C$169,'Costos costantes 2020'!$C21)>0,SUMIFS('Costos corrientes'!D$3:D$169,'Costos corrientes'!$A$3:$A$169,'Costos costantes 2020'!$A21,'Costos corrientes'!$B$3:$B$169,'Costos costantes 2020'!$B21,'Costos corrientes'!$C$3:$C$169,'Costos costantes 2020'!$C21)/((1+$B$1)^($C21-$C$1)),NA()) -> 4786.5019 | E21: =IF(SUMIFS('Costos corrientes'!E$3:E$169,'Costos corrientes'!$A$3:$A$169,'Costos costantes 2020'!$A21,'Costos corrientes'!$B$3:$B$169,'Costos costantes 2020'!$B21,'Costos corrientes'!$C$3:$C$169,'Costos costantes 2020'!$C21)>0,SUMIFS('Costos corrientes'!E$3:E$169,'Costos corrientes'!$A$3:$A$169,'Costos costantes 2020'!$A21,'Costos corrientes'!$B$3:$B$169,'Costos costantes 2020'!$B21,'Costos corrientes'!$C$3:$C$169,'Costos costantes 2020'!$C21)/((1+$B$1)^($C21-$C$1)),NA()) -> #N/A | F21: =IF(SUMIFS('Costos corrientes'!F$3:F$169,'Costos corrientes'!$A$3:$A$169,'Costos costantes 2020'!$A21,'Costos corrientes'!$B$3:$B$169,'Costos costantes 2020'!$B21,'Costos corrientes'!$C$3:$C$169,'Costos costantes 2020'!$C21)>0,SUMIFS('Costos corrientes'!F$3:F$169,'Costos corrientes'!$A$3:$A$169,'Costos costantes 2020'!$A21,'Costos corrientes'!$B$3:$B$169,'Costos costantes 2020'!$B21,'Costos corrientes'!$C$3:$C$169,'Costos costantes 2020'!$C21)/((1+$B$1)^($C21-$C$1)),NA()) -> 80.842975 | H21: =IFERROR(INDEX('2018'!$B$2:$P$30,MATCH('Costos costantes 2020'!$A21,'2018'!$A$2:$A$30,0),MATCH('Costos costantes 2020'!H$1,'2018'!$B$1:$P$1,0)),NA()) -> 3
A22: D | B22: Solar thermal | C22: 2019 | D22: =IF(SUMIFS('Costos corrientes'!D$3:D$169,'Costos corrientes'!$A$3:$A$169,'Costos costantes 2020'!$A22,'Costos corrientes'!$B$3:$B$169,'Costos costantes 2020'!$B22,'Costos corrientes'!$C$3:$C$169,'Costos costantes 2020'!$C22)>0,SUMIFS('Costos corrientes'!D$3:D$169,'Costos corrientes'!$A$3:$A$169,'Costos costantes 2020'!$A22,'Costos corrientes'!$B$3:$B$169,'Costos costantes 2020'!$B22,'Costos corrientes'!$C$3:$C$169,'Costos costantes 2020'!$C22)/((1+$B$1)^($C22-$C$1)),NA()) -> 4565.624 | E22: =IF(SUMIFS('Costos corrientes'!E$3:E$169,'Costos corrientes'!$A$3:$A$169,'Costos costantes 2020'!$A22,'Costos corrientes'!$B$3:$B$169,'Costos costantes 2020'!$B22,'Costos corrientes'!$C$3:$C$169,'Costos costantes 2020'!$C22)>0,SUMIFS('Costos corrientes'!E$3:E$169,'Costos corrientes'!$A$3:$A$169,'Costos costantes 2020'!$A22,'Costos corrientes'!$B$3:$B$169,'Costos costantes 2020'!$B22,'Costos corrientes'!$C$3:$C$169,'Costos costantes 2020'!$C22)/((1+$B$1)^($C22-$C$1)),NA()) -> #N/A | F22: =IF(SUMIFS('Costos corrientes'!F$3:F$169,'Costos corrientes'!$A$3:$A$169,'Costos costantes 2020'!$A22,'Costos corrientes'!$B$3:$B$169,'Costos costantes 2020'!$B22,'Costos corrientes'!$C$3:$C$169,'Costos costantes 2020'!$C22)>0,SUMIFS('Costos corrientes'!F$3:F$169,'Costos corrientes'!$A$3:$A$169,'Costos costantes 2020'!$A22,'Costos corrientes'!$B$3:$B$169,'Costos costantes 2020'!$B22,'Costos corrientes'!$C$3:$C$169,'Costos costantes 2020'!$C22)/((1+$B$1)^($C22-$C$1)),NA()) -> 77.50176 | H22: =IFERROR(INDEX('2019'!$B$2:$P$30,MATCH('Costos costantes 2020'!$A22,'2019'!$A$2:$A$30,0),MATCH('Costos costantes 2020'!H$1,'2019'!$B$1:$P$1,0)),NA()) -> 3
A23: D | B23: Solar thermal | C23: 2020 | D23: =IF(SUMIFS('Costos corrientes'!D$3:D$169,'Costos corrientes'!$A$3:$A$169,'Costos costantes 2020'!$A23,'Costos corrientes'!$B$3:$B$169,'Costos costantes 2020'!$B23,'Costos corrientes'!$C$3:$C$169,'Costos costantes 2020'!$C23)>0,SUMIFS('Costos corrientes'!D$3:D$169,'Costos corrientes'!$A$3:$A$169,'Costos costantes 2020'!$A23,'Costos corrientes'!$B$3:$B$169,'Costos costantes 2020'!$B23,'Costos corrientes'!$C$3:$C$169,'Costos costantes 2020'!$C23)/((1+$B$1)^($C23-$C$1)),NA()) -> 7191 | E23: =IF(SUMIFS('Costos corrientes'!E$3:E$169,'Costos corrientes'!$A$3:$A$169,'Costos costantes 2020'!$A23,'Costos corrientes'!$B$3:$B$169,'Costos costantes 2020'!$B23,'Costos corrientes'!$C$3:$C$169,'Costos costantes 2020'!$C23)>0,SUMIFS('Costos corrientes'!E$3:E$169,'Costos corrientes'!$A$3:$A$169,'Costos costantes 2020'!$A23,'Costos corrientes'!$B$3:$B$169,'Costos costantes 2020'!$B23,'Costos corrientes'!$C$3:$C$169,'Costos costantes 2020'!$C23)/((1+$B$1)^($C23-$C$1)),NA()) -> #N/A | F23: =IF(SUMIFS('Costos corrientes'!F$3:F$169,'Costos corrientes'!$A$3:$A$169,'Costos costantes 2020'!$A23,'Costos corrientes'!$B$3:$B$169,'Costos costantes 2020'!$B23,'Costos corrientes'!$C$3:$C$169,'Costos costantes 2020'!$C23)>0,SUMIFS('Costos corrientes'!F$3:F$169,'Costos corrientes'!$A$3:$A$169,'Costos costantes 2020'!$A23,'Costos corrientes'!$B$3:$B$169,'Costos costantes 2020'!$B23,'Costos corrientes'!$C$3:$C$169,'Costos costantes 2020'!$C23)/((1+$B$1)^($C23-$C$1)),NA()) -> 85.03 | H23: =IFERROR(INDEX('2020'!$B$2:$P$30,MATCH('Costos costantes 2020'!$A22,'2020'!$A$2:$A$30,0),MATCH('Costos costantes 2020'!H$1,'2020'!$B$1:$P$1,0)),NA()) -> 3
A24: D | B24: Solar thermal | C24: 2021 | D24: =IF(SUMIFS('Costos corrientes'!D$3:D$169,'Costos corrientes'!$A$3:$A$169,'Costos costantes 2020'!$A24,'Costos corrientes'!$B$3:$B$169,'Costos costantes 2020'!$B24,'Costos corrientes'!$C$3:$C$169,'Costos costantes 2020'!$C24)>0,SUMIFS('Costos corrientes'!D$3:D$169,'Costos corrientes'!$A$3:$A$169,'Costos costantes 2020'!$A24,'Costos corrientes'!$B$3:$B$169,'Costos costantes 2020'!$B24,'Costos corrientes'!$C$3:$C$169,'Costos costantes 2020'!$C24)/((1+$B$1)^($C24-$C$1)),NA()) -> 6687.9699 | E24: =IF(SUMIFS('Costos corrientes'!E$3:E$169,'Costos corrientes'!$A$3:$A$169,'Costos costantes 2020'!$A24,'Costos corrientes'!$B$3:$B$169,'Costos costantes 2020'!$B24,'Costos corrientes'!$C$3:$C$169,'Costos costantes 2020'!$C24)>0,SUMIFS('Costos corrientes'!E$3:E$169,'Costos corrientes'!$A$3:$A$169,'Costos costantes 2020'!$A24,'Costos corrientes'!$B$3:$B$169,'Costos costantes 2020'!$B24,'Costos corrientes'!$C$3:$C$169,'Costos costantes 2020'!$C24)/((1+$B$1)^($C24-$C$1)),NA()) -> #N/A | F24: =IF(SUMIFS('Costos corrientes'!F$3:F$169,'Costos corrientes'!$A$3:$A$169,'Costos costantes 2020'!$A24,'Costos corrientes'!$B$3:$B$169,'Costos costantes 2020'!$B24,'Costos corrientes'!$C$3:$C$169,'Costos costantes 2020'!$C24)>0,SUMIFS('Costos corrientes'!F$3:F$169,'Costos corrientes'!$A$3:$A$169,'Costos costantes 2020'!$A24,'Costos corrientes'!$B$3:$B$169,'Costos costantes 2020'!$B24,'Costos corrientes'!$C$3:$C$169,'Costos costantes 2020'!$C24)/((1+$B$1)^($C24-$C$1)),NA()) -> 80.657895 | H24: =IFERROR(INDEX('2021'!$B$2:$P$30,MATCH('Costos costantes 2020'!$A22,'2021'!$A$2:$A$30,0),MATCH('Costos costantes 2020'!H$1,'2021'!$B$1:$P$1,0)),NA()) -> 3
A25: D | B25: Solar thermal | C25: 2022 | D25: =IF(SUMIFS('Costos corrientes'!D$3:D$169,'Costos corrientes'!$A$3:$A$169,'Costos costantes 2020'!$A25,'Costos corrientes'!$B$3:$B$169,'Costos costantes 2020'!$B25,'Costos corrientes'!$C$3:$C$169,'Costos costantes 2020'!$C25)>0,SUMIFS('Costos corrientes'!D$3:D$169,'Costos corrientes'!$A$3:$A$169,'Costos costantes 2020'!$A25,'Costos corrientes'!$B$3:$B$169,'Costos costantes 2020'!$B25,'Costos corrientes'!$C$3:$C$169,'Costos costantes 2020'!$C25)/((1+$B$1)^($C25-$C$1)),NA()) -> 6973.7902 | E25: =IF(SUMIFS('Costos corrientes'!E$3:E$169,'Costos corrientes'!$A$3:$A$169,'Costos costantes 2020'!$A25,'Costos corrientes'!$B$3:$B$169,'Costos costantes 2020'!$B25,'Costos corrientes'!$C$3:$C$169,'Costos costantes 2020'!$C25)>0,SUMIFS('Costos corrientes'!E$3:E$169,'Costos corrientes'!$A$3:$A$169,'Costos costantes 2020'!$A25,'Costos corrientes'!$B$3:$B$169,'Costos costantes 2020'!$B25,'Costos corrientes'!$C$3:$C$169,'Costos costantes 2020'!$C25)/((1+$B$1)^($C25-$C$1)),NA()) -> #N/A | F25: =IF(SUMIFS('Costos corrientes'!F$3:F$169,'Costos corrientes'!$A$3:$A$169,'Costos costantes 2020'!$A25,'Costos corrientes'!$B$3:$B$169,'Costos costantes 2020'!$B25,'Costos corrientes'!$C$3:$C$169,'Costos costantes 2020'!$C25)>0,SUMIFS('Costos corrientes'!F$3:F$169,'Costos corrientes'!$A$3:$A$169,'Costos costantes 2020'!$A25,'Costos corrientes'!$B$3:$B$169,'Costos costantes 2020'!$B25,'Costos corrientes'!$C$3:$C$169,'Costos costantes 2020'!$C25)/((1+$B$1)^($C25-$C$1)),NA()) -> 78.959735 | H25: =IFERROR(INDEX('2022'!$B$2:$P$30,MATCH('Costos costantes 2020'!$A22,'2022'!$A$2:$A$30,0),MATCH('Costos costantes 2020'!H$1,'2022'!$B$1:$P$1,0)),NA()) -> 3
A26: D | B26: Solar thermal | C26: 2023 | D26: =IF(SUMIFS('Costos corrientes'!D$3:D$169,'Costos corrientes'!$A$3:$A$169,'Costos costantes 2020'!$A26,'Costos corrientes'!$B$3:$B$169,'Costos costantes 2020'!$B26,'Costos corrientes'!$C$3:$C$169,'Costos costantes 2020'!$C26)>0,SUMIFS('Costos corrientes'!D$3:D$169,'Costos corrientes'!$A$3:$A$169,'Costos costantes 2020'!$A26,'Costos corrientes'!$B$3:$B$169,'Costos costantes 2020'!$B26,'Costos corrientes'!$C$3:$C$169,'Costos costantes 2020'!$C26)/((1+$B$1)^($C26-$C$1)),NA()) -> 7249.1793 | E26: =IF(SUMIFS('Costos corrientes'!E$3:E$169,'Costos corrientes'!$A$3:$A$169,'Costos costantes 2020'!$A26,'Costos corrientes'!$B$3:$B$169,'Costos costantes 2020'!$B26,'Costos corrientes'!$C$3:$C$169,'Costos costantes 2020'!$C26)>0,SUMIFS('Costos corrientes'!E$3:E$169,'Costos corrientes'!$A$3:$A$169,'Costos costantes 2020'!$A26,'Costos corrientes'!$B$3:$B$169,'Costos costantes 2020'!$B26,'Costos corrientes'!$C$3:$C$169,'Costos costantes 2020'!$C26)/((1+$B$1)^($C26-$C$1)),NA()) -> #N/A | F26: =IF(SUMIFS('Costos corrientes'!F$3:F$169,'Costos corrientes'!$A$3:$A$169,'Costos costantes 2020'!$A26,'Costos corrientes'!$B$3:$B$169,'Costos costantes 2020'!$B26,'Costos corrientes'!$C$3:$C$169,'Costos costantes 2020'!$C26)>0,SUMIFS('Costos corrientes'!F$3:F$169,'Costos corrientes'!$A$3:$A$169,'Costos costantes 2020'!$A26,'Costos corrientes'!$B$3:$B$169,'Costos costantes 2020'!$B26,'Costos corrientes'!$C$3:$C$169,'Costos costantes 2020'!$C26)/((1+$B$1)^($C26-$C$1)),NA()) -> 79.780821 | H26: =IFERROR(INDEX('2022'!$B$2:$P$30,MATCH('Costos costantes 2020'!$A23,'2022'!$A$2:$A$30,0),MATCH('Costos costantes 2020'!H$1,'2022'!$B$1:$P$1,0)),NA()) -> 3
A27: E | B27: Solar PV - tracking | C27: 2018 | D27: =IF(SUMIFS('Costos corrientes'!D$3:D$169,'Costos corrientes'!$A$3:$A$169,'Costos costantes 2020'!$A27,'Costos corrientes'!$B$3:$B$169,'Costos costantes 2020'!$B27,'Costos corrientes'!$C$3:$C$169,'Costos costantes 2020'!$C27)>0,SUMIFS('Costos corrientes'!D$3:D$169,'Costos corrientes'!$A$3:$A$169,'Costos costantes 2020'!$A27,'Costos corrientes'!$B$3:$B$169,'Costos costantes 2020'!$B27,'Costos corrientes'!$C$3:$C$169,'Costos costantes 2020'!$C27)/((1+$B$1)^($C27-$C$1)),NA()) -> 2383.0621 | E27: =IF(SUMIFS('Costos corrientes'!E$3:E$169,'Costos corrientes'!$A$3:$A$169,'Costos costantes 2020'!$A27,'Costos corrientes'!$B$3:$B$169,'Costos costantes 2020'!$B27,'Costos corrientes'!$C$3:$C$169,'Costos costantes 2020'!$C27)>0,SUMIFS('Costos corrientes'!E$3:E$169,'Costos corrientes'!$A$3:$A$169,'Costos costantes 2020'!$A27,'Costos corrientes'!$B$3:$B$169,'Costos costantes 2020'!$B27,'Costos corrientes'!$C$3:$C$169,'Costos costantes 2020'!$C27)/((1+$B$1)^($C27-$C$1)),NA()) -> #N/A | F27: =IF(SUMIFS('Costos corrientes'!F$3:F$169,'Costos corrientes'!$A$3:$A$169,'Costos costantes 2020'!$A27,'Costos corrientes'!$B$3:$B$169,'Costos costantes 2020'!$B27,'Costos corrientes'!$C$3:$C$169,'Costos costantes 2020'!$C27)>0,SUMIFS('Costos corrientes'!F$3:F$169,'Costos corrientes'!$A$3:$A$169,'Costos costantes 2020'!$A27,'Costos corrientes'!$B$3:$B$169,'Costos costantes 2020'!$B27,'Costos corrientes'!$C$3:$C$169,'Costos costantes 2020'!$C27)/((1+$B$1)^($C27-$C$1)),NA()) -> 24.928754 | H27: =IFERROR(INDEX('2018'!$B$2:$P$30,MATCH('Costos costantes 2020'!$A27,'2018'!$A$2:$A$30,0),MATCH('Costos costantes 2020'!H$1,'2018'!$B$1:$P$1,0)),NA()) -> 2
A28: E | B28: Solar PV - tracking | C28: 2019 | D28: =IF(SUMIFS('Costos corrientes'!D$3:D$169,'Costos corrientes'!$A$3:$A$169,'Costos costantes 2020'!$A28,'Costos corrientes'!$B$3:$B$169,'Costos costantes 2020'!$B28,'Costos corrientes'!$C$3:$C$169,'Costos costantes 2020'!$C28)>0,SUMIFS('Costos corrientes'!D$3:D$169,'Costos corrientes'!$A$3:$A$169,'Costos costantes 2020'!$A28,'Costos corrientes'!$B$3:$B$169,'Costos costantes 2020'!$B28,'Costos corrientes'!$C$3:$C$169,'Costos costantes 2020'!$C28)/((1+$B$1)^($C28-$C$1)),NA()) -> 2095.016 | E28: =IF(SUMIFS('Costos corrientes'!E$3:E$169,'Costos corrientes'!$A$3:$A$169,'Costos costantes 2020'!$A28,'Costos corrientes'!$B$3:$B$169,'Costos costantes 2020'!$B28,'Costos corrientes'!$C$3:$C$169,'Costos costantes 2020'!$C28)>0,SUMIFS('Costos corrientes'!E$3:E$169,'Costos corrientes'!$A$3:$A$169,'Costos costantes 2020'!$A28,'Costos corrientes'!$B$3:$B$169,'Costos costantes 2020'!$B28,'Costos corrientes'!$C$3:$C$169,'Costos costantes 2020'!$C28)/((1+$B$1)^($C28-$C$1)),NA()) -> #N/A | F28: =IF(SUMIFS('Costos corrientes'!F$3:F$169,'Costos corrientes'!$A$3:$A$169,'Costos costantes 2020'!$A28,'Costos corrientes'!$B$3:$B$169,'Costos costantes 2020'!$B28,'Costos corrientes'!$C$3:$C$169,'Costos costantes 2020'!$C28)>0,SUMIFS('Costos corrientes'!F$3:F$169,'Costos corrientes'!$A$3:$A$169,'Costos costantes 2020'!$A28,'Costos corrientes'!$B$3:$B$169,'Costos costantes 2020'!$B28,'Costos corrientes'!$C$3:$C$169,'Costos costantes 2020'!$C28)/((1+$B$1)^($C28-$C$1)),NA()) -> 23.89744 | H28: =IFERROR(INDEX('2019'!$B$2:$P$30,MATCH('Costos costantes 2020'!$A28,'2019'!$A$2:$A$30,0),MATCH('Costos costantes 2020'!H$1,'2019'!$B$1:$P$1,0)),NA()) -> 2
A29: E | B29: Solar PV - tracking | C29: 2020 | D29: =IF(SUMIFS('Costos corrientes'!D$3:D$169,'Costos corrientes'!$A$3:$A$169,'Costos costantes 2020'!$A29,'Costos corrientes'!$B$3:$B$169,'Costos costantes 2020'!$B29,'Costos corrientes'!$C$3:$C$169,'Costos costantes 2020'!$C29)>0,SUMIFS('Costos corrientes'!D$3:D$169,'Costos corrientes'!$A$3:$A$169,'Costos costantes 2020'!$A29,'Costos corrientes'!$B$3:$B$169,'Costos costantes 2020'!$B29,'Costos corrientes'!$C$3:$C$169,'Costos costantes 2020'!$C29)/((1+$B$1)^($C29-$C$1)),NA()) -> 1331 | E29: =IF(SUMIFS('Costos corrientes'!E$3:E$169,'Costos corrientes'!$A$3:$A$169,'Costos costantes 2020'!$A29,'Costos corrientes'!$B$3:$B$169,'Costos costantes 2020'!$B29,'Costos corrientes'!$C$3:$C$169,'Costos costantes 2020'!$C29)>0,SUMIFS('Costos corrientes'!E$3:E$169,'Costos corrientes'!$A$3:$A$169,'Costos costantes 2020'!$A29,'Costos corrientes'!$B$3:$B$169,'Costos costantes 2020'!$B29,'Costos corrientes'!$C$3:$C$169,'Costos costantes 2020'!$C29)/((1+$B$1)^($C29-$C$1)),NA()) -> #N/A | F29: =IF(SUMIFS('Costos corrientes'!F$3:F$169,'Costos corrientes'!$A$3:$A$169,'Costos costantes 2020'!$A29,'Costos corrientes'!$B$3:$B$169,'Costos costantes 2020'!$B29,'Costos corrientes'!$C$3:$C$169,'Costos costantes 2020'!$C29)>0,SUMIFS('Costos corrientes'!F$3:F$169,'Costos corrientes'!$A$3:$A$169,'Costos costantes 2020'!$A29,'Costos corrientes'!$B$3:$B$169,'Costos costantes 2020'!$B29,'Costos corrientes'!$C$3:$C$169,'Costos costantes 2020'!$C29)/((1+$B$1)^($C29-$C$1)),NA()) -> 15.19 | H29: =IFERROR(INDEX('2020'!$B$2:$P$30,MATCH('Costos costantes 2020'!$A28,'2020'!$A$2:$A$30,0),MATCH('Costos costantes 2020'!H$1,'2020'!$B$1:$P$1,0)),NA()) -> 2
A30: E | B30: Solar PV - tracking | C30: 2021 | D30: =IF(SUMIFS('Costos corrientes'!D$3:D$169,'Costos corrientes'!$A$3:$A$169,'Costos costantes 2020'!$A30,'Costos corrientes'!$B$3:$B$169,'Costos costantes 2020'!$B30,'Costos corrientes'!$C$3:$C$169,'Costos costantes 2020'!$C30)>0,SUMIFS('Costos corrientes'!D$3:D$169,'Costos corrientes'!$A$3:$A$169,'Costos costantes 2020'!$A30,'Costos corrientes'!$B$3:$B$169,'Costos costantes 2020'!$B30,'Costos corrientes'!$C$3:$C$169,'Costos costantes 2020'!$C30)/((1+$B$1)^($C30-$C$1)),NA()) -> 1172.9323 | E30: =IF(SUMIFS('Costos corrientes'!E$3:E$169,'Costos corrientes'!$A$3:$A$169,'Costos costantes 2020'!$A30,'Costos corrientes'!$B$3:$B$169,'Costos costantes 2020'!$B30,'Costos corrientes'!$C$3:$C$169,'Costos costantes 2020'!$C30)>0,SUMIFS('Costos corrientes'!E$3:E$169,'Costos corrientes'!$A$3:$A$169,'Costos costantes 2020'!$A30,'Costos corrientes'!$B$3:$B$169,'Costos costantes 2020'!$B30,'Costos corrientes'!$C$3:$C$169,'Costos costantes 2020'!$C30)/((1+$B$1)^($C30-$C$1)),NA()) -> #N/A | F30: =IF(SUMIFS('Costos corrientes'!F$3:F$169,'Costos corrientes'!$A$3:$A$169,'Costos costantes 2020'!$A30,'Costos corrientes'!$B$3:$B$169,'Costos costantes 2020'!$B30,'Costos corrientes'!$C$3:$C$169,'Costos costantes 2020'!$C30)>0,SUMIFS('Costos corrientes'!F$3:F$169,'Costos corrientes'!$A$3:$A$169,'Costos costantes 2020'!$A30,'Costos corrientes'!$B$3:$B$169,'Costos costantes 2020'!$B30,'Costos corrientes'!$C$3:$C$169,'Costos costantes 2020'!$C30)/((1+$B$1)^($C30-$C$1)),NA()) -> 14.407895 | H30: =IFERROR(INDEX('2021'!$B$2:$P$30,MATCH('Costos costantes 2020'!$A28,'2021'!$A$2:$A$30,0),MATCH('Costos costantes 2020'!H$1,'2021'!$B$1:$P$1,0)),NA()) -> 2
A31: E | B31: Solar PV - tracking | C31: 2022 | D31: =IF(SUMIFS('Costos corrientes'!D$3:D$169,'Costos corrientes'!$A$3:$A$169,'Costos costantes 2020'!$A31,'Costos corrientes'!$B$3:$B$169,'Costos costantes 2020'!$B31,'Costos corrientes'!$C$3:$C$169,'Costos costantes 2020'!$C31)>0,SUMIFS('Costos corrientes'!D$3:D$169,'Costos corrientes'!$A$3:$A$169,'Costos costantes 2020'!$A31,'Costos corrientes'!$B$3:$B$169,'Costos costantes 2020'!$B31,'Costos corrientes'!$C$3:$C$169,'Costos costantes 2020'!$C31)/((1+$B$1)^($C31-$C$1)),NA()) -> 1172.1621 | E31: =IF(SUMIFS('Costos corrientes'!E$3:E$169,'Costos corrientes'!$A$3:$A$169,'Costos costantes 2020'!$A31,'Costos corrientes'!$B$3:$B$169,'Costos costantes 2020'!$B31,'Costos corrientes'!$C$3:$C$169,'Costos costantes 2020'!$C31)>0,SUMIFS('Costos corrientes'!E$3:E$169,'Costos corrientes'!$A$3:$A$169,'Costos costantes 2020'!$A31,'Costos corrientes'!$B$3:$B$169,'Costos costantes 2020'!$B31,'Costos corrientes'!$C$3:$C$169,'Costos costantes 2020'!$C31)/((1+$B$1)^($C31-$C$1)),NA()) -> #N/A | F31: =IF(SUMIFS('Costos corrientes'!F$3:F$169,'Costos corrientes'!$A$3:$A$169,'Costos costantes 2020'!$A31,'Costos corrientes'!$B$3:$B$169,'Costos costantes 2020'!$B31,'Costos corrientes'!$C$3:$C$169,'Costos costantes 2020'!$C31)>0,SUMIFS('Costos corrientes'!F$3:F$169,'Costos corrientes'!$A$3:$A$169,'Costos costantes 2020'!$A31,'Costos corrientes'!$B$3:$B$169,'Costos costantes 2020'!$B31,'Costos corrientes'!$C$3:$C$169,'Costos costantes 2020'!$C31)/((1+$B$1)^($C31-$C$1)),NA()) -> 14.106578 | H31: =IFERROR(INDEX('2022'!$B$2:$P$30,MATCH('Costos costantes 2020'!$A28,'2022'!$A$2:$A$30,0),MATCH('Costos costantes 2020'!H$1,'2022'!$B$1:$P$1,0)),NA()) -> 2
A32: E | B32: Solar PV - tracking | C32: 2023 | D32: =IF(SUMIFS('Costos corrientes'!D$3:D$169,'Costos corrientes'!$A$3:$A$169,'Costos costantes 2020'!$A32,'Costos corrientes'!$B$3:$B$169,'Costos costantes 2020'!$B32,'Costos corrientes'!$C$3:$C$169,'Costos costantes 2020'!$C32)>0,SUMIFS('Costos corrientes'!D$3:D$169,'Costos corrientes'!$A$3:$A$169,'Costos costantes 2020'!$A32,'Costos corrientes'!$B$3:$B$169,'Costos costantes 2020'!$B32,'Costos corrientes'!$C$3:$C$169,'Costos costantes 2020'!$C32)/((1+$B$1)^($C32-$C$1)),NA()) -> 1202.1085 | E32: =IF(SUMIFS('Costos corrientes'!E$3:E$169,'Costos corrientes'!$A$3:$A$169,'Costos costantes 2020'!$A32,'Costos corrientes'!$B$3:$B$169,'Costos costantes 2020'!$B32,'Costos corrientes'!$C$3:$C$169,'Costos costantes 2020'!$C32)>0,SUMIFS('Costos corrientes'!E$3:E$169,'Costos corrientes'!$A$3:$A$169,'Costos costantes 2020'!$A32,'Costos corrientes'!$B$3:$B$169,'Costos costantes 2020'!$B32,'Costos corrientes'!$C$3:$C$169,'Costos costantes 2020'!$C32)/((1+$B$1)^($C32-$C$1)),NA()) -> #N/A | F32: =IF(SUMIFS('Costos corrientes'!F$3:F$169,'Costos corrientes'!$A$3:$A$169,'Costos costantes 2020'!$A32,'Costos corrientes'!$B$3:$B$169,'Costos costantes 2020'!$B32,'Costos corrientes'!$C$3:$C$169,'Costos costantes 2020'!$C32)>0,SUMIFS('Costos corrientes'!F$3:F$169,'Costos corrientes'!$A$3:$A$169,'Costos costantes 2020'!$A32,'Costos corrientes'!$B$3:$B$169,'Costos costantes 2020'!$B32,'Costos corrientes'!$C$3:$C$169,'Costos costantes 2020'!$C32)/((1+$B$1)^($C32-$C$1)),NA()) -> 14.245982 | H32: =IFERROR(INDEX('2022'!$B$2:$P$30,MATCH('Costos costantes 2020'!$A29,'2022'!$A$2:$A$30,0),MATCH('Costos costantes 2020'!H$1,'2022'!$B$1:$P$1,0)),NA()) -> 2
A33: F | B33: Solar PV - fixed tilt | C33: 2018 | D33: =IF(SUMIFS('Costos corrientes'!D$3:D$169,'Costos corrientes'!$A$3:$A$169,'Costos costantes 2020'!$A33,'Costos corrientes'!$B$3:$B$169,'Costos costantes 2020'!$B33,'Costos corrientes'!$C$3:$C$169,'Costos costantes 2020'!$C33)>0,SUMIFS('Costos corrientes'!D$3:D$169,'Costos corrientes'!$A$3:$A$169,'Costos costantes 2020'!$A33,'Costos corrientes'!$B$3:$B$169,'Costos costantes 2020'!$B33,'Costos corrientes'!$C$3:$C$169,'Costos costantes 2020'!$C33)/((1+$B$1)^($C33-$C$1)),NA()) -> 2095.5097 | E33: =IF(SUMIFS('Costos corrientes'!E$3:E$169,'Costos corrientes'!$A$3:$A$169,'Costos costantes 2020'!$A33,'Costos corrientes'!$B$3:$B$169,'Costos costantes 2020'!$B33,'Costos corrientes'!$C$3:$C$169,'Costos costantes 2020'!$C33)>0,SUMIFS('Costos corrientes'!E$3:E$169,'Costos corrientes'!$A$3:$A$169,'Costos costantes 2020'!$A33,'Costos corrientes'!$B$3:$B$169,'Costos costantes 2020'!$B33,'Costos corrientes'!$C$3:$C$169,'Costos costantes 2020'!$C33)/((1+$B$1)^($C33-$C$1)),NA()) -> #N/A | F33: =IF(SUMIFS('Costos corrientes'!F$3:F$169,'Costos corrientes'!$A$3:$A$169,'Costos costantes 2020'!$A33,'Costos corrientes'!$B$3:$B$169,'Costos costantes 2020'!$B33,'Costos corrientes'!$C$3:$C$169,'Costos costantes 2020'!$C33)>0,SUMIFS('Costos corrientes'!F$3:F$169,'Costos corrientes'!$A$3:$A$169,'Costos costantes 2020'!$A33,'Costos corrientes'!$B$3:$B$169,'Costos costantes 2020'!$B33,'Costos corrientes'!$C$3:$C$169,'Costos costantes 2020'!$C33)/((1+$B$1)^($C33-$C$1)),NA()) -> 24.928754 | H33: =IFERROR(INDEX('2018'!$B$2:$P$30,MATCH('Costos costantes 2020'!$A33,'2018'!$A$2:$A$30,0),MATCH('Costos costantes 2020'!H$1,'2018'!$B$1:$P$1,0)),NA()) -> 2
A34: F | B34: Solar PV - fixed tilt | C34: 2019 | D34: =IF(SUMIFS('Costos corrientes'!D$3:D$169,'Costos corrientes'!$A$3:$A$169,'Costos costantes 2020'!$A34,'Costos corrientes'!$B$3:$B$169,'Costos costantes 2020'!$B34,'Costos corrientes'!$C$3:$C$169,'Costos costantes 2020'!$C34)>0,SUMIFS('Costos corrientes'!D$3:D$169,'Costos corrientes'!$A$3:$A$169,'Costos costantes 2020'!$A34,'Costos corrientes'!$B$3:$B$169,'Costos costantes 2020'!$B34,'Costos corrientes'!$C$3:$C$169,'Costos costantes 2020'!$C34)/((1+$B$1)^($C34-$C$1)),NA()) -> 1897.112 | E34: =IF(SUMIFS('Costos corrientes'!E$3:E$169,'Costos corrientes'!$A$3:$A$169,'Costos costantes 2020'!$A34,'Costos corrientes'!$B$3:$B$169,'Costos costantes 2020'!$B34,'Costos corrientes'!$C$3:$C$169,'Costos costantes 2020'!$C34)>0,SUMIFS('Costos corrientes'!E$3:E$169,'Costos corrientes'!$A$3:$A$169,'Costos costantes 2020'!$A34,'Costos corrientes'!$B$3:$B$169,'Costos costantes 2020'!$B34,'Costos corrientes'!$C$3:$C$169,'Costos costantes 2020'!$C34)/((1+$B$1)^($C34-$C$1)),NA()) -> #N/A | F34: =IF(SUMIFS('Costos corrientes'!F$3:F$169,'Costos corrientes'!$A$3:$A$169,'Costos costantes 2020'!$A34,'Costos corrientes'!$B$3:$B$169,'Costos costantes 2020'!$B34,'Costos corrientes'!$C$3:$C$169,'Costos costantes 2020'!$C34)>0,SUMIFS('Costos corrientes'!F$3:F$169,'Costos corrientes'!$A$3:$A$169,'Costos costantes 2020'!$A34,'Costos corrientes'!$B$3:$B$169,'Costos costantes 2020'!$B34,'Costos corrientes'!$C$3:$C$169,'Costos costantes 2020'!$C34)/((1+$B$1)^($C34-$C$1)),NA()) -> 23.89744 | H34: =IFERROR(INDEX('2019'!$B$2:$P$30,MATCH('Costos costantes 2020'!$A34,'2019'!$A$2:$A$30,0),MATCH('Costos costantes 2020'!H$1,'2019'!$B$1:$P$1,0)),NA()) -> 2
A35: F | B35: Solar PV - fixed tilt | C35: 2020 | D35: =IF(SUMIFS('Costos corrientes'!D$3:D$169,'Costos corrientes'!$A$3:$A$169,'Costos costantes 2020'!$A35,'Costos corrientes'!$B$3:$B$169,'Costos costantes 2020'!$B35,'Costos corrientes'!$C$3:$C$169,'Costos costantes 2020'!$C35)>0,SUMIFS('Costos corrientes'!D$3:D$169,'Costos corrientes'!$A$3:$A$169,'Costos costantes 2020'!$A35,'Costos corrientes'!$B$3:$B$169,'Costos costantes 2020'!$B35,'Costos corrientes'!$C$3:$C$169,'Costos costantes 2020'!$C35)/((1+$B$1)^($C35-$C$1)),NA()) -> #N/A | E35: =IF(SUMIFS('Costos corrientes'!E$3:E$169,'Costos corrientes'!$A$3:$A$169,'Costos costantes 2020'!$A35,'Costos corrientes'!$B$3:$B$169,'Costos costantes 2020'!$B35,'Costos corrientes'!$C$3:$C$169,'Costos costantes 2020'!$C35)>0,SUMIFS('Costos corrientes'!E$3:E$169,'Costos corrientes'!$A$3:$A$169,'Costos costantes 2020'!$A35,'Costos corrientes'!$B$3:$B$169,'Costos costantes 2020'!$B35,'Costos corrientes'!$C$3:$C$169,'Costos costantes 2020'!$C35)/((1+$B$1)^($C35-$C$1)),NA()) -> #N/A | F35: =IF(SUMIFS('Costos corrientes'!F$3:F$169,'Costos corrientes'!$A$3:$A$169,'Costos costantes 2020'!$A35,'Costos corrientes'!$B$3:$B$169,'Costos costantes 2020'!$B35,'Costos corrientes'!$C$3:$C$169,'Costos costantes 2020'!$C35)>0,SUMIFS('Costos corrientes'!F$3:F$169,'Costos corrientes'!$A$3:$A$169,'Costos costantes 2020'!$A35,'Costos corrientes'!$B$3:$B$169,'Costos costantes 2020'!$B35,'Costos corrientes'!$C$3:$C$169,'Costos costantes 2020'!$C35)/((1+$B$1)^($C35-$C$1)),NA()) -> #N/A
A36: F | B36: Solar PV - fixed tilt | C36: 2021 | D36: =IF(SUMIFS('Costos corrientes'!D$3:D$169,'Costos corrientes'!$A$3:$A$169,'Costos costantes 2020'!$A36,'Costos corrientes'!$B$3:$B$169,'Costos costantes 2020'!$B36,'Costos corrientes'!$C$3:$C$169,'Costos costantes 2020'!$C36)>0,SUMIFS('Costos corrientes'!D$3:D$169,'Costos corrientes'!$A$3:$A$169,'Costos costantes 2020'!$A36,'Costos corrientes'!$B$3:$B$169,'Costos costantes 2020'!$B36,'Costos corrientes'!$C$3:$C$169,'Costos costantes 2020'!$C36)/((1+$B$1)^($C36-$C$1)),NA()) -> #N/A | E36: =IF(SUMIFS('Costos corrientes'!E$3:E$169,'Costos corrientes'!$A$3:$A$169,'Costos costantes 2020'!$A36,'Costos corrientes'!$B$3:$B$169,'Costos costantes 2020'!$B36,'Costos corrientes'!$C$3:$C$169,'Costos costantes 2020'!$C36)>0,SUMIFS('Costos corrientes'!E$3:E$169,'Costos corrientes'!$A$3:$A$169,'Costos costantes 2020'!$A36,'Costos corrientes'!$B$3:$B$169,'Costos costantes 2020'!$B36,'Costos corrientes'!$C$3:$C$169,'Costos costantes 2020'!$C36)/((1+$B$1)^($C36-$C$1)),NA()) -> #N/A | F36: =IF(SUMIFS('Costos corrientes'!F$3:F$169,'Costos corrientes'!$A$3:$A$169,'Costos costantes 2020'!$A36,'Costos corrientes'!$B$3:$B$169,'Costos costantes 2020'!$B36,'Costos corrientes'!$C$3:$C$169,'Costos costantes 2020'!$C36)>0,SUMIFS('Costos corrientes'!F$3:F$169,'Costos corrientes'!$A$3:$A$169,'Costos costantes 2020'!$A36,'Costos corrientes'!$B$3:$B$169,'Costos costantes 2020'!$B36,'Costos corrientes'!$C$3:$C$169,'Costos costantes 2020'!$C36)/((1+$B$1)^($C36-$C$1)),NA()) -> #N/A
A37: F | B37: Solar PV - fixed tilt | C37: 2022 | D37: =IF(SUMIFS('Costos corrientes'!D$3:D$169,'Costos corrientes'!$A$3:$A$169,'Costos costantes 2020'!$A37,'Costos corrientes'!$B$3:$B$169,'Costos costantes 2020'!$B37,'Costos corrientes'!$C$3:$C$169,'Costos costantes 2020'!$C37)>0,SUMIFS('Costos corrientes'!D$3:D$169,'Costos corrientes'!$A$3:$A$169,'Costos costantes 2020'!$A37,'Costos corrientes'!$B$3:$B$169,'Costos costantes 2020'!$B37,'Costos corrientes'!$C$3:$C$169,'Costos costantes 2020'!$C37)/((1+$B$1)^($C37-$C$1)),NA()) -> #N/A | E37: =IF(SUMIFS('Costos corrientes'!E$3:E$169,'Costos corrientes'!$A$3:$A$169,'Costos costantes 2020'!$A37,'Costos corrientes'!$B$3:$B$169,'Costos costantes 2020'!$B37,'Costos corrientes'!$C$3:$C$169,'Costos costantes 2020'!$C37)>0,SUMIFS('Costos corrientes'!E$3:E$169,'Costos corrientes'!$A$3:$A$169,'Costos costantes 2020'!$A37,'Costos corrientes'!$B$3:$B$169,'Costos costantes 2020'!$B37,'Costos corrientes'!$C$3:$C$169,'Costos costantes 2020'!$C37)/((1+$B$1)^($C37-$C$1)),NA()) -> #N/A | F37: =IF(SUMIFS('Costos corrientes'!F$3:F$169,'Costos corrientes'!$A$3:$A$169,'Costos costantes 2020'!$A37,'Costos corrientes'!$B$3:$B$169,'Costos costantes 2020'!$B37,'Costos corrientes'!$C$3:$C$169,'Costos costantes 2020'!$C37)>0,SUMIFS('Costos corrientes'!F$3:F$169,'Costos corrientes'!$A$3:$A$169,'Costos costantes 2020'!$A37,'Costos corrientes'!$B$3:$B$169,'Costos costantes 2020'!$B37,'Costos corrientes'!$C$3:$C$169,'Costos costantes 2020'!$C37)/((1+$B$1)^($C37-$C$1)),NA()) -> #N/A
A38: F | B38: Solar PV - fixed tilt | C38: 2023 | D38: =IF(SUMIFS('Costos corrientes'!D$3:D$169,'Costos corrientes'!$A$3:$A$169,'Costos costantes 2020'!$A38,'Costos corrientes'!$B$3:$B$169,'Costos costantes 2020'!$B38,'Costos corrientes'!$C$3:$C$169,'Costos costantes 2020'!$C38)>0,SUMIFS('Costos corrientes'!D$3:D$169,'Costos corrientes'!$A$3:$A$169,'Costos costantes 2020'!$A38,'Costos corrientes'!$B$3:$B$169,'Costos costantes 2020'!$B38,'Costos corrientes'!$C$3:$C$169,'Costos costantes 2020'!$C38)/((1+$B$1)^($C38-$C$1)),NA()) -> #N/A | E38: =IF(SUMIFS('Costos corrientes'!E$3:E$169,'Costos corrientes'!$A$3:$A$169,'Costos costantes 2020'!$A38,'Costos corrientes'!$B$3:$B$169,'Costos costantes 2020'!$B38,'Costos corrientes'!$C$3:$C$169,'Costos costantes 2020'!$C38)>0,SUMIFS('Costos corrientes'!E$3:E$169,'Costos corrientes'!$A$3:$A$169,'Costos costantes 2020'!$A38,'Costos corrientes'!$B$3:$B$169,'Costos costantes 2020'!$B38,'Costos corrientes'!$C$3:$C$169,'Costos costantes 2020'!$C38)/((1+$B$1)^($C38-$C$1)),NA()) -> #N/A | F38: =IF(SUMIFS('Costos corrientes'!F$3:F$169,'Costos corrientes'!$A$3:$A$169,'Costos costantes 2020'!$A38,'Costos corrientes'!$B$3:$B$169,'Costos costantes 2020'!$B38,'Costos corrientes'!$C$3:$C$169,'Costos costantes 2020'!$C38)>0,SUMIFS('Costos corrientes'!F$3:F$169,'Costos corrientes'!$A$3:$A$169,'Costos costantes 2020'!$A38,'Costos corrientes'!$B$3:$B$169,'Costos costantes 2020'!$B38,'Costos corrientes'!$C$3:$C$169,'Costos costantes 2020'!$C38)/((1+$B$1)^($C38-$C$1)),NA()) -> #N/A
A39: G | B39: Solar PV with storage | C39: 2018 | D39: =IF(SUMIFS('Costos corrientes'!D$3:D$169,'Costos corrientes'!$A$3:$A$169,'Costos costantes 2020'!$A39,'Costos corrientes'!$B$3:$B$169,'Costos costantes 2020'!$B39,'Costos corrientes'!$C$3:$C$169,'Costos costantes 2020'!$C39)>0,SUMIFS('Costos corrientes'!D$3:D$169,'Costos corrientes'!$A$3:$A$169,'Costos costantes 2020'!$A39,'Costos corrientes'!$B$3:$B$169,'Costos costantes 2020'!$B39,'Costos corrientes'!$C$3:$C$169,'Costos costantes 2020'!$C39)/((1+$B$1)^($C39-$C$1)),NA()) -> #N/A | E39: =IF(SUMIFS('Costos corrientes'!E$3:E$169,'Costos corrientes'!$A$3:$A$169,'Costos costantes 2020'!$A39,'Costos corrientes'!$B$3:$B$169,'Costos costantes 2020'!$B39,'Costos corrientes'!$C$3:$C$169,'Costos costantes 2020'!$C39)>0,SUMIFS('Costos corrientes'!E$3:E$169,'Costos corrientes'!$A$3:$A$169,'Costos costantes 2020'!$A39,'Costos corrientes'!$B$3:$B$169,'Costos costantes 2020'!$B39,'Costos corrientes'!$C$3:$C$169,'Costos costantes 2020'!$C39)/((1+$B$1)^($C39-$C$1)),NA()) -> #N/A | F39: =IF(SUMIFS('Costos corrientes'!F$3:F$169,'Costos corrientes'!$A$3:$A$169,'Costos costantes 2020'!$A39,'Costos corrientes'!$B$3:$B$169,'Costos costantes 2020'!$B39,'Costos corrientes'!$C$3:$C$169,'Costos costantes 2020'!$C39)>0,SUMIFS('Costos corrientes'!F$3:F$169,'Costos corrientes'!$A$3:$A$169,'Costos costantes 2020'!$A39,'Costos corrientes'!$B$3:$B$169,'Costos costantes 2020'!$B39,'Costos corrientes'!$C$3:$C$169,'Costos costantes 2020'!$C39)/((1+$B$1)^($C39-$C$1)),NA()) -> #N/A
A40: G | B40: Solar PV with storage | C40: 2019 | D40: =IF(SUMIFS('Costos corrientes'!D$3:D$169,'Costos corrientes'!$A$3:$A$169,'Costos costantes 2020'!$A40,'Costos corrientes'!$B$3:$B$169,'Costos costantes 2020'!$B40,'Costos corrientes'!$C$3:$C$169,'Costos costantes 2020'!$C40)>0,SUMIFS('Costos corrientes'!D$3:D$169,'Costos corrientes'!$A$3:$A$169,'Costos costantes 2020'!$A40,'Costos corrientes'!$B$3:$B$169,'Costos costantes 2020'!$B40,'Costos corrientes'!$C$3:$C$169,'Costos costantes 2020'!$C40)/((1+$B$1)^($C40-$C$1)),NA()) -> #N/A | E40: =IF(SUMIFS('Costos corrientes'!E$3:E$169,'Costos corrientes'!$A$3:$A$169,'Costos costantes 2020'!$A40,'Costos corrientes'!$B$3:$B$169,'Costos costantes 2020'!$B40,'Costos corrientes'!$C$3:$C$169,'Costos costantes 2020'!$C40)>0,SUMIFS('Costos corrientes'!E$3:E$169,'Costos corrientes'!$A$3:$A$169,'Costos costantes 2020'!$A40,'Costos corrientes'!$B$3:$B$169,'Costos costantes 2020'!$B40,'Costos corrientes'!$C$3:$C$169,'Costos costantes 2020'!$C40)/((1+$B$1)^($C40-$C$1)),NA()) -> #N/A | F40: =IF(SUMIFS('Costos corrientes'!F$3:F$169,'Costos corrientes'!$A$3:$A$169,'Costos costantes 2020'!$A40,'Costos corrientes'!$B$3:$B$169,'Costos costantes 2020'!$B40,'Costos corrientes'!$C$3:$C$169,'Costos costantes 2020'!$C40)>0,SUMIFS('Costos corrientes'!F$3:F$169,'Costos corrientes'!$A$3:$A$169,'Costos costantes 2020'!$A40,'Costos corrientes'!$B$3:$B$169,'Costos costantes 2020'!$B40,'Costos corrientes'!$C$3:$C$169,'Costos costantes 2020'!$C40)/((1+$B$1)^($C40-$C$1)),NA()) -> #N/A
A41: G | B41: Solar PV with storage | C41: 2020 | D41: =IF(SUMIFS('Costos corrientes'!D$3:D$169,'Costos corrientes'!$A$3:$A$169,'Costos costantes 2020'!$A41,'Costos corrientes'!$B$3:$B$169,'Costos costantes 2020'!$B41,'Costos corrientes'!$C$3:$C$169,'Costos costantes 2020'!$C41)>0,SUMIFS('Costos corrientes'!D$3:D$169,'Costos corrientes'!$A$3:$A$169,'Costos costantes 2020'!$A41,'Costos corrientes'!$B$3:$B$169,'Costos costantes 2020'!$B41,'Costos corrientes'!$C$3:$C$169,'Costos costantes 2020'!$C41)/((1+$B$1)^($C41-$C$1)),NA()) -> #N/A | E41: =IF(SUMIFS('Costos corrientes'!E$3:E$169,'Costos corrientes'!$A$3:$A$169,'Costos costantes 2020'!$A41,'Costos corrientes'!$B$3:$B$169,'Costos costantes 2020'!$B41,'Costos corrientes'!$C$3:$C$169,'Costos costantes 2020'!$C41)>0,SUMIFS('Costos corrientes'!E$3:E$169,'Costos corrientes'!$A$3:$A$169,'Costos costantes 2020'!$A41,'Costos corrientes'!$B$3:$B$169,'Costos costantes 2020'!$B41,'Costos corrientes'!$C$3:$C$169,'Costos costantes 2020'!$C41)/((1+$B$1)^($C41-$C$1)),NA()) -> #N/A | F41: =IF(SUMIFS('Costos corrientes'!F$3:F$169,'Costos corrientes'!$A$3:$A$169,'Costos costantes 2020'!$A41,'Costos corrientes'!$B$3:$B$169,'Costos costantes 2020'!$B41,'Costos corrientes'!$C$3:$C$169,'Costos costantes 2020'!$C41)>0,SUMIFS('Costos corrientes'!F$3:F$169,'Costos corrientes'!$A$3:$A$169,'Costos costantes 2020'!$A41,'Costos corrientes'!$B$3:$B$169,'Costos costantes 2020'!$B41,'Costos corrientes'!$C$3:$C$169,'Costos costantes 2020'!$C41)/((1+$B$1)^($C41-$C$1)),NA()) -> #N/A
A42: G | B42: Solar PV with storage | C42: 2021 | D42: =IF(SUMIFS('Costos corrientes'!D$3:D$169,'Costos corrientes'!$A$3:$A$169,'Costos costantes 2020'!$A42,'Costos corrientes'!$B$3:$B$169,'Costos costantes 2020'!$B42,'Costos corrientes'!$C$3:$C$169,'Costos costantes 2020'!$C42)>0,SUMIFS('Costos corrientes'!D$3:D$169,'Costos corrientes'!$A$3:$A$169,'Costos costantes 2020'!$A42,'Costos corrientes'!$B$3:$B$169,'Costos costantes 2020'!$B42,'Costos corrientes'!$C$3:$C$169,'Costos costantes 2020'!$C42)/((1+$B$1)^($C42-$C$1)),NA()) -> 1515.0376 | E42: =IF(SUMIFS('Costos corrientes'!E$3:E$169,'Costos corrientes'!$A$3:$A$169,'Costos costantes 2020'!$A42,'Costos corrientes'!$B$3:$B$169,'Costos costantes 2020'!$B42,'Costos corrientes'!$C$3:$C$169,'Costos costantes 2020'!$C42)>0,SUMIFS('Costos corrientes'!E$3:E$169,'Costos corrientes'!$A$3:$A$169,'Costos costantes 2020'!$A42,'Costos corrientes'!$B$3:$B$169,'Costos costantes 2020'!$B42,'Costos corrientes'!$C$3:$C$169,'Costos costantes 2020'!$C42)/((1+$B$1)^($C42-$C$1)),NA()) -> #N/A | F42: =IF(SUMIFS('Costos corrientes'!F$3:F$169,'Costos corrientes'!$A$3:$A$169,'Costos costantes 2020'!$A42,'Costos corrientes'!$B$3:$B$169,'Costos costantes 2020'!$B42,'Costos corrientes'!$C$3:$C$169,'Costos costantes 2020'!$C42)>0,SUMIFS('Costos corrientes'!F$3:F$169,'Costos corrientes'!$A$3:$A$169,'Costos costantes 2020'!$A42,'Costos corrientes'!$B$3:$B$169,'Costos costantes 2020'!$B42,'Costos corrientes'!$C$3:$C$169,'Costos costantes 2020'!$C42)/((1+$B$1)^($C42-$C$1)),NA()) -> 30.385338 | H42: =IFERROR(INDEX('2021'!$B$2:$P$30,MATCH('Costos costantes 2020'!$A40,'2021'!$A$2:$A$30,0),MATCH('Costos costantes 2020'!H$1,'2021'!$B$1:$P$1,0)),NA()) -> 2
A43: G | B43: Solar PV with storage | C43: 2022 | D43: =IF(SUMIFS('Costos corrientes'!D$3:D$169,'Costos corrientes'!$A$3:$A$169,'Costos costantes 2020'!$A43,'Costos corrientes'!$B$3:$B$169,'Costos costantes 2020'!$B43,'Costos corrientes'!$C$3:$C$169,'Costos costantes 2020'!$C43)>0,SUMIFS('Costos corrientes'!D$3:D$169,'Costos corrientes'!$A$3:$A$169,'Costos costantes 2020'!$A43,'Costos corrientes'!$B$3:$B$169,'Costos costantes 2020'!$B43,'Costos corrientes'!$C$3:$C$169,'Costos costantes 2020'!$C43)/((1+$B$1)^($C43-$C$1)),NA()) -> 1544.0387 | E43: =IF(SUMIFS('Costos corrientes'!E$3:E$169,'Costos corrientes'!$A$3:$A$169,'Costos costantes 2020'!$A43,'Costos corrientes'!$B$3:$B$169,'Costos costantes 2020'!$B43,'Costos corrientes'!$C$3:$C$169,'Costos costantes 2020'!$C43)>0,SUMIFS('Costos corrientes'!E$3:E$169,'Costos corrientes'!$A$3:$A$169,'Costos costantes 2020'!$A43,'Costos corrientes'!$B$3:$B$169,'Costos costantes 2020'!$B43,'Costos corrientes'!$C$3:$C$169,'Costos costantes 2020'!$C43)/((1+$B$1)^($C43-$C$1)),NA()) -> #N/A | F43: =IF(SUMIFS('Costos corrientes'!F$3:F$169,'Costos corrientes'!$A$3:$A$169,'Costos costantes 2020'!$A43,'Costos corrientes'!$B$3:$B$169,'Costos costantes 2020'!$B43,'Costos corrientes'!$C$3:$C$169,'Costos costantes 2020'!$C43)>0,SUMIFS('Costos corrientes'!F$3:F$169,'Costos corrientes'!$A$3:$A$169,'Costos costantes 2020'!$A43,'Costos corrientes'!$B$3:$B$169,'Costos costantes 2020'!$B43,'Costos corrientes'!$C$3:$C$169,'Costos costantes 2020'!$C43)/((1+$B$1)^($C43-$C$1)),NA()) -> 29.741294 | H43: =IFERROR(INDEX('2022'!$B$2:$P$30,MATCH('Costos costantes 2020'!$A40,'2022'!$A$2:$A$30,0),MATCH('Costos costantes 2020'!H$1,'2022'!$B$1:$P$1,0)),NA()) -> 2
A44: G | B44: Solar PV with storage | C44: 2023 | D44: =IF(SUMIFS('Costos corrientes'!D$3:D$169,'Costos corrientes'!$A$3:$A$169,'Costos costantes 2020'!$A44,'Costos corrientes'!$B$3:$B$169,'Costos costantes 2020'!$B44,'Costos corrientes'!$C$3:$C$169,'Costos costantes 2020'!$C44)>0,SUMIFS('Costos corrientes'!D$3:D$169,'Costos corrientes'!$A$3:$A$169,'Costos costantes 2020'!$A44,'Costos corrientes'!$B$3:$B$169,'Costos costantes 2020'!$B44,'Costos corrientes'!$C$3:$C$169,'Costos costantes 2020'!$C44)/((1+$B$1)^($C44-$C$1)),NA()) -> 1500.9753 | E44: =IF(SUMIFS('Costos corrientes'!E$3:E$169,'Costos corrientes'!$A$3:$A$169,'Costos costantes 2020'!$A44,'Costos corrientes'!$B$3:$B$169,'Costos costantes 2020'!$B44,'Costos corrientes'!$C$3:$C$169,'Costos costantes 2020'!$C44)>0,SUMIFS('Costos corrientes'!E$3:E$169,'Costos corrientes'!$A$3:$A$169,'Costos costantes 2020'!$A44,'Costos corrientes'!$B$3:$B$169,'Costos costantes 2020'!$B44,'Costos corrientes'!$C$3:$C$169,'Costos costantes 2020'!$C44)/((1+$B$1)^($C44-$C$1)),NA()) -> #N/A | F44: =IF(SUMIFS('Costos corrientes'!F$3:F$169,'Costos corrientes'!$A$3:$A$169,'Costos costantes 2020'!$A44,'Costos corrientes'!$B$3:$B$169,'Costos costantes 2020'!$B44,'Costos corrientes'!$C$3:$C$169,'Costos costantes 2020'!$C44)>0,SUMIFS('Costos corrientes'!F$3:F$169,'Costos corrientes'!$A$3:$A$169,'Costos costantes 2020'!$A44,'Costos corrientes'!$B$3:$B$169,'Costos costantes 2020'!$B44,'Costos corrientes'!$C$3:$C$169,'Costos costantes 2020'!$C44)/((1+$B$1)^($C44-$C$1)),NA()) -> 26.914612 | H44: =IFERROR(INDEX('2022'!$B$2:$P$30,MATCH('Costos costantes 2020'!$A41,'2022'!$A$2:$A$30,0),MATCH('Costos costantes 2020'!H$1,'2022'!$B$1:$P$1,0)),NA()) -> 2
A45: H | B45: Geothermal | C45: 2018 | D45: =IF(SUMIFS('Costos corrientes'!D$3:D$169,'Costos corrientes'!$A$3:$A$169,'Costos costantes 2020'!$A45,'Costos corrientes'!$B$3:$B$169,'Costos costantes 2020'!$B45,'Costos corrientes'!$C$3:$C$169,'Costos costantes 2020'!$C45)>0,SUMIFS('Costos corrientes'!D$3:D$169,'Costos corrientes'!$A$3:$A$169,'Costos costantes 2020'!$A45,'Costos corrientes'!$B$3:$B$169,'Costos costantes 2020'!$B45,'Costos corrientes'!$C$3:$C$169,'Costos costantes 2020'!$C45)/((1+$B$1)^($C45-$C$1)),NA()) -> 3108.7356 | E45: =IF(SUMIFS('Costos corrientes'!E$3:E$169,'Costos corrientes'!$A$3:$A$169,'Costos costantes 2020'!$A45,'Costos corrientes'!$B$3:$B$169,'Costos costantes 2020'!$B45,'Costos corrientes'!$C$3:$C$169,'Costos costantes 2020'!$C45)>0,SUMIFS('Costos corrientes'!E$3:E$169,'Costos corrientes'!$A$3:$A$169,'Costos costantes 2020'!$A45,'Costos corrientes'!$B$3:$B$169,'Costos costantes 2020'!$B45,'Costos corrientes'!$C$3:$C$169,'Costos costantes 2020'!$C45)/((1+$B$1)^($C45-$C$1)),NA()) -> #N/A | F45: =IF(SUMIFS('Costos corrientes'!F$3:F$169,'Costos corrientes'!$A$3:$A$169,'Costos costantes 2020'!$A45,'Costos corrientes'!$B$3:$B$169,'Costos costantes 2020'!$B45,'Costos corrientes'!$C$3:$C$169,'Costos costantes 2020'!$C45)>0,SUMIFS('Costos corrientes'!F$3:F$169,'Costos corrientes'!$A$3:$A$169,'Costos costantes 2020'!$A45,'Costos corrientes'!$B$3:$B$169,'Costos costantes 2020'!$B45,'Costos corrientes'!$C$3:$C$169,'Costos costantes 2020'!$C45)/((1+$B$1)^($C45-$C$1)),NA()) -> 135.70435 | G45: =IFERROR(INDEX('2018'!$B$2:$P$30,MATCH('Costos costantes 2020'!$A45,'2018'!$A$2:$A$30,0),MATCH('Costos costantes 2020'!G$1,'2018'!$B$1:$P$1,0)),NA()) -> 9271 | H45: =IFERROR(INDEX('2018'!$B$2:$P$30,MATCH('Costos costantes 2020'!$A45,'2018'!$A$2:$A$30,0),MATCH('Costos costantes 2020'!H$1,'2018'!$B$1:$P$1,0)),NA()) -> 4
A46: H | B46: Geothermal | C46: 2019 | D46: =IF(SUMIFS('Costos corrientes'!D$3:D$169,'Costos corrientes'!$A$3:$A$169,'Costos costantes 2020'!$A46,'Costos corrientes'!$B$3:$B$169,'Costos costantes 2020'!$B46,'Costos corrientes'!$C$3:$C$169,'Costos costantes 2020'!$C46)>0,SUMIFS('Costos corrientes'!D$3:D$169,'Costos corrientes'!$A$3:$A$169,'Costos costantes 2020'!$A46,'Costos corrientes'!$B$3:$B$169,'Costos costantes 2020'!$B46,'Costos corrientes'!$C$3:$C$169,'Costos costantes 2020'!$C46)/((1+$B$1)^($C46-$C$1)),NA()) -> 2965.368 | E46: =IF(SUMIFS('Costos corrientes'!E$3:E$169,'Costos corrientes'!$A$3:$A$169,'Costos costantes 2020'!$A46,'Costos corrientes'!$B$3:$B$169,'Costos costantes 2020'!$B46,'Costos corrientes'!$C$3:$C$169,'Costos costantes 2020'!$C46)>0,SUMIFS('Costos corrientes'!E$3:E$169,'Costos corrientes'!$A$3:$A$169,'Costos costantes 2020'!$A46,'Costos corrientes'!$B$3:$B$169,'Costos costantes 2020'!$B46,'Costos corrientes'!$C$3:$C$169,'Costos costantes 2020'!$C46)/((1+$B$1)^($C46-$C$1)),NA()) -> #N/A | F46: =IF(SUMIFS('Costos corrientes'!F$3:F$169,'Costos corrientes'!$A$3:$A$169,'Costos costantes 2020'!$A46,'Costos corrientes'!$B$3:$B$169,'Costos costantes 2020'!$B46,'Costos corrientes'!$C$3:$C$169,'Costos costantes 2020'!$C46)>0,SUMIFS('Costos corrientes'!F$3:F$169,'Costos corrientes'!$A$3:$A$169,'Costos costantes 2020'!$A46,'Costos corrientes'!$B$3:$B$169,'Costos costantes 2020'!$B46,'Costos corrientes'!$C$3:$C$169,'Costos costantes 2020'!$C46)/((1+$B$1)^($C46-$C$1)),NA()) -> 130.10592 | G46: =IFERROR(INDEX('2019'!$B$2:$P$30,MATCH('Costos costantes 2020'!$A46,'2019'!$A$2:$A$30,0),MATCH('Costos costantes 2020'!G$1,'2019'!$B$1:$P$1,0)),NA()) -> NA | H46: =IFERROR(INDEX('2019'!$B$2:$P$30,MATCH('Costos costantes 2020'!$A46,'2019'!$A$2:$A$30,0),MATCH('Costos costantes 2020'!H$1,'2019'!$B$1:$P$1,0)),NA()) -> 4
A47: H | B47: Geothermal | C47: 2020 | D47: =IF(SUMIFS('Costos corrientes'!D$3:D$169,'Costos corrientes'!$A$3:$A$169,'Costos costantes 2020'!$A47,'Costos corrientes'!$B$3:$B$169,'Costos costantes 2020'!$B47,'Costos corrientes'!$C$3:$C$169,'Costos costantes 2020'!$C47)>0,SUMIFS('Costos corrientes'!D$3:D$169,'Costos corrientes'!$A$3:$A$169,'Costos costantes 2020'!$A47,'Costos corrientes'!$B$3:$B$169,'Costos costantes 2020'!$B47,'Costos corrientes'!$C$3:$C$169,'Costos costantes 2020'!$C47)/((1+$B$1)^($C47-$C$1)),NA()) -> 2680 | E47: =IF(SUMIFS('Costos corrientes'!E$3:E$169,'Costos corrientes'!$A$3:$A$169,'Costos costantes 2020'!$A47,'Costos corrientes'!$B$3:$B$169,'Costos costantes 2020'!$B47,'Costos corrientes'!$C$3:$C$169,'Costos costantes 2020'!$C47)>0,SUMIFS('Costos corrientes'!E$3:E$169,'Costos corrientes'!$A$3:$A$169,'Costos costantes 2020'!$A47,'Costos corrientes'!$B$3:$B$169,'Costos costantes 2020'!$B47,'Costos corrientes'!$C$3:$C$169,'Costos costantes 2020'!$C47)/((1+$B$1)^($C47-$C$1)),NA()) -> 1.16 | F47: =IF(SUMIFS('Costos corrientes'!F$3:F$169,'Costos corrientes'!$A$3:$A$169,'Costos costantes 2020'!$A47,'Costos corrientes'!$B$3:$B$169,'Costos costantes 2020'!$B47,'Costos corrientes'!$C$3:$C$169,'Costos costantes 2020'!$C47)>0,SUMIFS('Costos corrientes'!F$3:F$169,'Costos corrientes'!$A$3:$A$169,'Costos costantes 2020'!$A47,'Costos corrientes'!$B$3:$B$169,'Costos costantes 2020'!$B47,'Costos corrientes'!$C$3:$C$169,'Costos costantes 2020'!$C47)/((1+$B$1)^($C47-$C$1)),NA()) -> 113.29 | G47: =IFERROR(INDEX('2020'!$B$2:$P$30,MATCH('Costos costantes 2020'!$A46,'2020'!$A$2:$A$30,0),MATCH('Costos costantes 2020'!G$1,'2020'!$B$1:$P$1,0)),NA()) -> 9156 | H47: =IFERROR(INDEX('2020'!$B$2:$P$30,MATCH('Costos costantes 2020'!$A46,'2020'!$A$2:$A$30,0),MATCH('Costos costantes 2020'!H$1,'2020'!$B$1:$P$1,0)),NA()) -> 4
A48: H | B48: Geothermal | C48: 2021 | D48: =IF(SUMIFS('Costos corrientes'!D$3:D$169,'Costos corrientes'!$A$3:$A$169,'Costos costantes 2020'!$A48,'Costos corrientes'!$B$3:$B$169,'Costos costantes 2020'!$B48,'Costos corrientes'!$C$3:$C$169,'Costos costantes 2020'!$C48)>0,SUMIFS('Costos corrientes'!D$3:D$169,'Costos corrientes'!$A$3:$A$169,'Costos costantes 2020'!$A48,'Costos corrientes'!$B$3:$B$169,'Costos costantes 2020'!$B48,'Costos corrientes'!$C$3:$C$169,'Costos costantes 2020'!$C48)/((1+$B$1)^($C48-$C$1)),NA()) -> 2605.2632 | E48: =IF(SUMIFS('Costos corrientes'!E$3:E$169,'Costos corrientes'!$A$3:$A$169,'Costos costantes 2020'!$A48,'Costos corrientes'!$B$3:$B$169,'Costos costantes 2020'!$B48,'Costos corrientes'!$C$3:$C$169,'Costos costantes 2020'!$C48)>0,SUMIFS('Costos corrientes'!E$3:E$169,'Costos corrientes'!$A$3:$A$169,'Costos costantes 2020'!$A48,'Costos corrientes'!$B$3:$B$169,'Costos costantes 2020'!$B48,'Costos corrientes'!$C$3:$C$169,'Costos costantes 2020'!$C48)/((1+$B$1)^($C48-$C$1)),NA()) -> 1.0996241 | F48: =IF(SUMIFS('Costos corrientes'!F$3:F$169,'Costos corrientes'!$A$3:$A$169,'Costos costantes 2020'!$A48,'Costos corrientes'!$B$3:$B$169,'Costos costantes 2020'!$B48,'Costos corrientes'!$C$3:$C$169,'Costos costantes 2020'!$C48)>0,SUMIFS('Costos corrientes'!F$3:F$169,'Costos corrientes'!$A$3:$A$169,'Costos costantes 2020'!$A48,'Costos corrientes'!$B$3:$B$169,'Costos costantes 2020'!$B48,'Costos corrientes'!$C$3:$C$169,'Costos costantes 2020'!$C48)/((1+$B$1)^($C48-$C$1)),NA()) -> 129.22932 | G48: =IFERROR(INDEX('2021'!$B$2:$P$30,MATCH('Costos costantes 2020'!$A46,'2021'!$A$2:$A$30,0),MATCH('Costos costantes 2020'!G$1,'2021'!$B$1:$P$1,0)),NA()) -> 8946 | H48: =IFERROR(INDEX('2021'!$B$2:$P$30,MATCH('Costos costantes 2020'!$A46,'2021'!$A$2:$A$30,0),MATCH('Costos costantes 2020'!H$1,'2021'!$B$1:$P$1,0)),NA()) -> 4
A49: H | B49: Geothermal | C49: 2022 | D49: =IF(SUMIFS('Costos corrientes'!D$3:D$169,'Costos corrientes'!$A$3:$A$169,'Costos costantes 2020'!$A49,'Costos corrientes'!$B$3:$B$169,'Costos costantes 2020'!$B49,'Costos corrientes'!$C$3:$C$169,'Costos costantes 2020'!$C49)>0,SUMIFS('Costos corrientes'!D$3:D$169,'Costos corrientes'!$A$3:$A$169,'Costos costantes 2020'!$A49,'Costos corrientes'!$B$3:$B$169,'Costos costantes 2020'!$B49,'Costos corrientes'!$C$3:$C$169,'Costos costantes 2020'!$C49)/((1+$B$1)^($C49-$C$1)),NA()) -> 2717.0841 | E49: =IF(SUMIFS('Costos corrientes'!E$3:E$169,'Costos corrientes'!$A$3:$A$169,'Costos costantes 2020'!$A49,'Costos corrientes'!$B$3:$B$169,'Costos costantes 2020'!$B49,'Costos corrientes'!$C$3:$C$169,'Costos costantes 2020'!$C49)>0,SUMIFS('Costos corrientes'!E$3:E$169,'Costos corrientes'!$A$3:$A$169,'Costos costantes 2020'!$A49,'Costos corrientes'!$B$3:$B$169,'Costos costantes 2020'!$B49,'Costos corrientes'!$C$3:$C$169,'Costos costantes 2020'!$C49)/((1+$B$1)^($C49-$C$1)),NA()) -> 1.068814 | F49: =IF(SUMIFS('Costos corrientes'!F$3:F$169,'Costos corrientes'!$A$3:$A$169,'Costos costantes 2020'!$A49,'Costos corrientes'!$B$3:$B$169,'Costos costantes 2020'!$B49,'Costos corrientes'!$C$3:$C$169,'Costos costantes 2020'!$C49)>0,SUMIFS('Costos corrientes'!F$3:F$169,'Costos corrientes'!$A$3:$A$169,'Costos costantes 2020'!$A49,'Costos corrientes'!$B$3:$B$169,'Costos costantes 2020'!$B49,'Costos corrientes'!$C$3:$C$169,'Costos costantes 2020'!$C49)/((1+$B$1)^($C49-$C$1)),NA()) -> 126.50871 | G49: =IFERROR(INDEX('2022'!$B$2:$P$30,MATCH('Costos costantes 2020'!$A46,'2022'!$A$2:$A$30,0),MATCH('Costos costantes 2020'!G$1,'2022'!$B$1:$P$1,0)),NA()) -> 8813 | H49: =IFERROR(INDEX('2022'!$B$2:$P$30,MATCH('Costos costantes 2020'!$A46,'2022'!$A$2:$A$30,0),MATCH('Costos costantes 2020'!H$1,'2022'!$B$1:$P$1,0)),NA()) -> 4
A50: H | B50: Geothermal | C50: 2023 | D50: =IF(SUMIFS('Costos corrientes'!D$3:D$169,'Costos corrientes'!$A$3:$A$169,'Costos costantes 2020'!$A50,'Costos corrientes'!$B$3:$B$169,'Costos costantes 2020'!$B50,'Costos corrientes'!$C$3:$C$169,'Costos costantes 2020'!$C50)>0,SUMIFS('Costos corrientes'!D$3:D$169,'Costos corrientes'!$A$3:$A$169,'Costos costantes 2020'!$A50,'Costos corrientes'!$B$3:$B$169,'Costos costantes 2020'!$B50,'Costos corrientes'!$C$3:$C$169,'Costos costantes 2020'!$C50)/((1+$B$1)^($C50-$C$1)),NA()) -> 2825.1211 | E50: =IF(SUMIFS('Costos corrientes'!E$3:E$169,'Costos corrientes'!$A$3:$A$169,'Costos costantes 2020'!$A50,'Costos corrientes'!$B$3:$B$169,'Costos costantes 2020'!$B50,'Costos corrientes'!$C$3:$C$169,'Costos costantes 2020'!$C50)>0,SUMIFS('Costos corrientes'!E$3:E$169,'Costos corrientes'!$A$3:$A$169,'Costos costantes 2020'!$A50,'Costos corrientes'!$B$3:$B$169,'Costos costantes 2020'!$B50,'Costos corrientes'!$C$3:$C$169,'Costos costantes 2020'!$C50)/((1+$B$1)^($C50-$C$1)),NA()) -> 1.0875429 | F50: =IF(SUMIFS('Costos corrientes'!F$3:F$169,'Costos corrientes'!$A$3:$A$169,'Costos costantes 2020'!$A50,'Costos corrientes'!$B$3:$B$169,'Costos costantes 2020'!$B50,'Costos corrientes'!$C$3:$C$169,'Costos costantes 2020'!$C50)>0,SUMIFS('Costos corrientes'!F$3:F$169,'Costos corrientes'!$A$3:$A$169,'Costos costantes 2020'!$A50,'Costos corrientes'!$B$3:$B$169,'Costos costantes 2020'!$B50,'Costos corrientes'!$C$3:$C$169,'Costos costantes 2020'!$C50)/((1+$B$1)^($C50-$C$1)),NA()) -> 127.83196 | G50: =IFERROR(INDEX('2022'!$B$2:$P$30,MATCH('Costos costantes 2020'!$A47,'2022'!$A$2:$A$30,0),MATCH('Costos costantes 2020'!G$1,'2022'!$B$1:$P$1,0)),NA()) -> 8813 | H50: =IFERROR(INDEX('2022'!$B$2:$P$30,MATCH('Costos costantes 2020'!$A47,'2022'!$A$2:$A$30,0),MATCH('Costos costantes 2020'!H$1,'2022'!$B$1:$P$1,0)),NA()) -> 4
A51: I | B51: Municipal solid waste—landfill gas | C51: 2018 | D51: =IF(SUMIFS('Costos corrientes'!D$3:D$169,'Costos corrientes'!$A$3:$A$169,'Costos costantes 2020'!$A51,'Costos corrientes'!$B$3:$B$169,'Costos costantes 2020'!$B51,'Costos corrientes'!$C$3:$C$169,'Costos costantes 2020'!$C51)>0,SUMIFS('Costos corrientes'!D$3:D$169,'Costos corrientes'!$A$3:$A$169,'Costos costantes 2020'!$A51,'Costos corrientes'!$B$3:$B$169,'Costos costantes 2020'!$B51,'Costos corrientes'!$C$3:$C$169,'Costos costantes 2020'!$C51)/((1+$B$1)^($C51-$C$1)),NA()) -> 9896.7832 | E51: =IF(SUMIFS('Costos corrientes'!E$3:E$169,'Costos corrientes'!$A$3:$A$169,'Costos costantes 2020'!$A51,'Costos corrientes'!$B$3:$B$169,'Costos costantes 2020'!$B51,'Costos corrientes'!$C$3:$C$169,'Costos costantes 2020'!$C51)>0,SUMIFS('Costos corrientes'!E$3:E$169,'Costos corrientes'!$A$3:$A$169,'Costos costantes 2020'!$A51,'Costos corrientes'!$B$3:$B$169,'Costos costantes 2020'!$B51,'Costos corrientes'!$C$3:$C$169,'Costos costantes 2020'!$C51)/((1+$B$1)^($C51-$C$1)),NA()) -> 10.517172 | F51: =IF(SUMIFS('Costos corrientes'!F$3:F$169,'Costos corrientes'!$A$3:$A$169,'Costos costantes 2020'!$A51,'Costos corrientes'!$B$3:$B$169,'Costos costantes 2020'!$B51,'Costos corrientes'!$C$3:$C$169,'Costos costantes 2020'!$C51)>0,SUMIFS('Costos corrientes'!F$3:F$169,'Costos corrientes'!$A$3:$A$169,'Costos costantes 2020'!$A51,'Costos corrientes'!$B$3:$B$169,'Costos costantes 2020'!$B51,'Costos corrientes'!$C$3:$C$169,'Costos costantes 2020'!$C51)/((1+$B$1)^($C51-$C$1)),NA()) -> 472.10667 | G51: =IFERROR(INDEX('2018'!$B$2:$P$30,MATCH('Costos costantes 2020'!$A51,'2018'!$A$2:$A$30,0),MATCH('Costos costantes 2020'!G$1,'2018'!$B$1:$P$1,0)),NA()) -> 18000 | H51: =IFERROR(INDEX('2018'!$B$2:$P$30,MATCH('Costos costantes 2020'!$A51,'2018'!$A$2:$A$30,0),MATCH('Costos costantes 2020'!H$1,'2018'!$B$1:$P$1,0)),NA()) -> 3
A52: I | B52: Municipal solid waste—landfill gas | C52: 2019 | D52: =IF(SUMIFS('Costos corrientes'!D$3:D$169,'Costos corrientes'!$A$3:$A$169,'Costos costantes 2020'!$A52,'Costos corrientes'!$B$3:$B$169,'Costos costantes 2020'!$B52,'Costos corrientes'!$C$3:$C$169,'Costos costantes 2020'!$C52)>0,SUMIFS('Costos corrientes'!D$3:D$169,'Costos corrientes'!$A$3:$A$169,'Costos costantes 2020'!$A52,'Costos corrientes'!$B$3:$B$169,'Costos costantes 2020'!$B52,'Costos corrientes'!$C$3:$C$169,'Costos costantes 2020'!$C52)/((1+$B$1)^($C52-$C$1)),NA()) -> 9464.28 | E52: =IF(SUMIFS('Costos corrientes'!E$3:E$169,'Costos corrientes'!$A$3:$A$169,'Costos costantes 2020'!$A52,'Costos corrientes'!$B$3:$B$169,'Costos costantes 2020'!$B52,'Costos corrientes'!$C$3:$C$169,'Costos costantes 2020'!$C52)>0,SUMIFS('Costos corrientes'!E$3:E$169,'Costos corrientes'!$A$3:$A$169,'Costos costantes 2020'!$A52,'Costos corrientes'!$B$3:$B$169,'Costos costantes 2020'!$B52,'Costos corrientes'!$C$3:$C$169,'Costos costantes 2020'!$C52)/((1+$B$1)^($C52-$C$1)),NA()) -> 10.07608 | F52: =IF(SUMIFS('Costos corrientes'!F$3:F$169,'Costos corrientes'!$A$3:$A$169,'Costos costantes 2020'!$A52,'Costos corrientes'!$B$3:$B$169,'Costos costantes 2020'!$B52,'Costos corrientes'!$C$3:$C$169,'Costos costantes 2020'!$C52)>0,SUMIFS('Costos corrientes'!F$3:F$169,'Costos corrientes'!$A$3:$A$169,'Costos costantes 2020'!$A52,'Costos corrientes'!$B$3:$B$169,'Costos costantes 2020'!$B52,'Costos corrientes'!$C$3:$C$169,'Costos costantes 2020'!$C52)/((1+$B$1)^($C52-$C$1)),NA()) -> 452.60432 | G52: =IFERROR(INDEX('2019'!$B$2:$P$30,MATCH('Costos costantes 2020'!$A52,'2019'!$A$2:$A$30,0),MATCH('Costos costantes 2020'!G$1,'2019'!$B$1:$P$1,0)),NA()) -> 18000 | H52: =IFERROR(INDEX('2019'!$B$2:$P$30,MATCH('Costos costantes 2020'!$A52,'2019'!$A$2:$A$30,0),MATCH('Costos costantes 2020'!H$1,'2019'!$B$1:$P$1,0)),NA()) -> 3
A53: I | B53: Municipal solid waste—landfill gas | C53: 2020 | D53: =IF(SUMIFS('Costos corrientes'!D$3:D$169,'Costos corrientes'!$A$3:$A$169,'Costos costantes 2020'!$A53,'Costos corrientes'!$B$3:$B$169,'Costos costantes 2020'!$B53,'Costos corrientes'!$C$3:$C$169,'Costos costantes 2020'!$C53)>0,SUMIFS('Costos corrientes'!D$3:D$169,'Costos corrientes'!$A$3:$A$169,'Costos costantes 2020'!$A53,'Costos corrientes'!$B$3:$B$169,'Costos costantes 2020'!$B53,'Costos corrientes'!$C$3:$C$169,'Costos costantes 2020'!$C53)/((1+$B$1)^($C53-$C$1)),NA()) -> 1557 | E53: =IF(SUMIFS('Costos corrientes'!E$3:E$169,'Costos corrientes'!$A$3:$A$169,'Costos costantes 2020'!$A53,'Costos corrientes'!$B$3:$B$169,'Costos costantes 2020'!$B53,'Costos corrientes'!$C$3:$C$169,'Costos costantes 2020'!$C53)>0,SUMIFS('Costos corrientes'!E$3:E$169,'Costos corrientes'!$A$3:$A$169,'Costos costantes 2020'!$A53,'Costos corrientes'!$B$3:$B$169,'Costos costantes 2020'!$B53,'Costos corrientes'!$C$3:$C$169,'Costos costantes 2020'!$C53)/((1+$B$1)^($C53-$C$1)),NA()) -> 6.17 | F53: =IF(SUMIFS('Costos corrientes'!F$3:F$169,'Costos corrientes'!$A$3:$A$169,'Costos costantes 2020'!$A53,'Costos corrientes'!$B$3:$B$169,'Costos costantes 2020'!$B53,'Costos corrientes'!$C$3:$C$169,'Costos costantes 2020'!$C53)>0,SUMIFS('Costos corrientes'!F$3:F$169,'Costos corrientes'!$A$3:$A$169,'Costos costantes 2020'!$A53,'Costos corrientes'!$B$3:$B$169,'Costos costantes 2020'!$B53,'Costos corrientes'!$C$3:$C$169,'Costos costantes 2020'!$C53)/((1+$B$1)^($C53-$C$1)),NA()) -> 20.02 | G53: =IFERROR(INDEX('2020'!$B$2:$P$30,MATCH('Costos costantes 2020'!$A52,'2020'!$A$2:$A$30,0),MATCH('Costos costantes 2020'!G$1,'2020'!$B$1:$P$1,0)),NA()) -> 8513 | H53: =IFERROR(INDEX('2020'!$B$2:$P$30,MATCH('Costos costantes 2020'!$A52,'2020'!$A$2:$A$30,0),MATCH('Costos costantes 2020'!H$1,'2020'!$B$1:$P$1,0)),NA()) -> 3
A54: I | B54: Municipal solid waste—landfill gas | C54: 2021 | D54: =IF(SUMIFS('Costos corrientes'!D$3:D$169,'Costos corrientes'!$A$3:$A$169,'Costos costantes 2020'!$A54,'Costos corrientes'!$B$3:$B$169,'Costos costantes 2020'!$B54,'Costos corrientes'!$C$3:$C$169,'Costos costantes 2020'!$C54)>0,SUMIFS('Costos corrientes'!D$3:D$169,'Costos corrientes'!$A$3:$A$169,'Costos costantes 2020'!$A54,'Costos corrientes'!$B$3:$B$169,'Costos costantes 2020'!$B54,'Costos corrientes'!$C$3:$C$169,'Costos costantes 2020'!$C54)/((1+$B$1)^($C54-$C$1)),NA()) -> 1471.8045 | E54: =IF(SUMIFS('Costos corrientes'!E$3:E$169,'Costos corrientes'!$A$3:$A$169,'Costos costantes 2020'!$A54,'Costos corrientes'!$B$3:$B$169,'Costos costantes 2020'!$B54,'Costos corrientes'!$C$3:$C$169,'Costos costantes 2020'!$C54)>0,SUMIFS('Costos corrientes'!E$3:E$169,'Costos corrientes'!$A$3:$A$169,'Costos costantes 2020'!$A54,'Costos corrientes'!$B$3:$B$169,'Costos costantes 2020'!$B54,'Costos corrientes'!$C$3:$C$169,'Costos costantes 2020'!$C54)/((1+$B$1)^($C54-$C$1)),NA()) -> 5.8552632 | F54: =IF(SUMIFS('Costos corrientes'!F$3:F$169,'Costos corrientes'!$A$3:$A$169,'Costos costantes 2020'!$A54,'Costos corrientes'!$B$3:$B$169,'Costos costantes 2020'!$B54,'Costos corrientes'!$C$3:$C$169,'Costos costantes 2020'!$C54)>0,SUMIFS('Costos corrientes'!F$3:F$169,'Costos corrientes'!$A$3:$A$169,'Costos costantes 2020'!$A54,'Costos corrientes'!$B$3:$B$169,'Costos costantes 2020'!$B54,'Costos corrientes'!$C$3:$C$169,'Costos costantes 2020'!$C54)/((1+$B$1)^($C54-$C$1)),NA()) -> 18.984962 | G54: =IFERROR(INDEX('2021'!$B$2:$P$30,MATCH('Costos costantes 2020'!$A52,'2021'!$A$2:$A$30,0),MATCH('Costos costantes 2020'!G$1,'2021'!$B$1:$P$1,0)),NA()) -> 8513 | H54: =IFERROR(INDEX('2021'!$B$2:$P$30,MATCH('Costos costantes 2020'!$A52,'2021'!$A$2:$A$30,0),MATCH('Costos costantes 2020'!H$1,'2021'!$B$1:$P$1,0)),NA()) -> 3
A55: I | B55: Municipal solid waste—landfill gas | C55: 2022 | D55: =IF(SUMIFS('Costos corrientes'!D$3:D$169,'Costos corrientes'!$A$3:$A$169,'Costos costantes 2020'!$A55,'Costos corrientes'!$B$3:$B$169,'Costos costantes 2020'!$B55,'Costos corrientes'!$C$3:$C$169,'Costos costantes 2020'!$C55)>0,SUMIFS('Costos corrientes'!D$3:D$169,'Costos corrientes'!$A$3:$A$169,'Costos costantes 2020'!$A55,'Costos corrientes'!$B$3:$B$169,'Costos costantes 2020'!$B55,'Costos corrientes'!$C$3:$C$169,'Costos costantes 2020'!$C55)/((1+$B$1)^($C55-$C$1)),NA()) -> #N/A | E55: =IF(SUMIFS('Costos corrientes'!E$3:E$169,'Costos corrientes'!$A$3:$A$169,'Costos costantes 2020'!$A55,'Costos corrientes'!$B$3:$B$169,'Costos costantes 2020'!$B55,'Costos corrientes'!$C$3:$C$169,'Costos costantes 2020'!$C55)>0,SUMIFS('Costos corrientes'!E$3:E$169,'Costos corrientes'!$A$3:$A$169,'Costos costantes 2020'!$A55,'Costos corrientes'!$B$3:$B$169,'Costos costantes 2020'!$B55,'Costos corrientes'!$C$3:$C$169,'Costos costantes 2020'!$C55)/((1+$B$1)^($C55-$C$1)),NA()) -> #N/A | F55: =IF(SUMIFS('Costos corrientes'!F$3:F$169,'Costos corrientes'!$A$3:$A$169,'Costos costantes 2020'!$A55,'Costos corrientes'!$B$3:$B$169,'Costos costantes 2020'!$B55,'Costos corrientes'!$C$3:$C$169,'Costos costantes 2020'!$C55)>0,SUMIFS('Costos corrientes'!F$3:F$169,'Costos corrientes'!$A$3:$A$169,'Costos costantes 2020'!$A55,'Costos corrientes'!$B$3:$B$169,'Costos costantes 2020'!$B55,'Costos corrientes'!$C$3:$C$169,'Costos costantes 2020'!$C55)/((1+$B$1)^($C55-$C$1)),NA()) -> #N/A
A56: I | B56: Municipal solid waste—landfill gas | C56: 2023 | D56: =IF(SUMIFS('Costos corrientes'!D$3:D$169,'Costos corrientes'!$A$3:$A$169,'Costos costantes 2020'!$A56,'Costos corrientes'!$B$3:$B$169,'Costos costantes 2020'!$B56,'Costos corrientes'!$C$3:$C$169,'Costos costantes 2020'!$C56)>0,SUMIFS('Costos corrientes'!D$3:D$169,'Costos corrientes'!$A$3:$A$169,'Costos costantes 2020'!$A56,'Costos corrientes'!$B$3:$B$169,'Costos costantes 2020'!$B56,'Costos corrientes'!$C$3:$C$169,'Costos costantes 2020'!$C56)/((1+$B$1)^($C56-$C$1)),NA()) -> #N/A | E56: =IF(SUMIFS('Costos corrientes'!E$3:E$169,'Costos corrientes'!$A$3:$A$169,'Costos costantes 2020'!$A56,'Costos corrientes'!$B$3:$B$169,'Costos costantes 2020'!$B56,'Costos corrientes'!$C$3:$C$169,'Costos costantes 2020'!$C56)>0,SUMIFS('Costos corrientes'!E$3:E$169,'Costos corrientes'!$A$3:$A$169,'Costos costantes 2020'!$A56,'Costos corrientes'!$B$3:$B$169,'Costos costantes 2020'!$B56,'Costos corrientes'!$C$3:$C$169,'Costos costantes 2020'!$C56)/((1+$B$1)^($C56-$C$1)),NA()) -> #N/A | F56: =IF(SUMIFS('Costos corrientes'!F$3:F$169,'Costos corrientes'!$A$3:$A$169,'Costos costantes 2020'!$A56,'Costos corrientes'!$B$3:$B$169,'Costos costantes 2020'!$B56,'Costos corrientes'!$C$3:$C$169,'Costos costantes 2020'!$C56)>0,SUMIFS('Costos corrientes'!F$3:F$169,'Costos corrientes'!$A$3:$A$169,'Costos costantes 2020'!$A56,'Costos corrientes'!$B$3:$B$169,'Costos costantes 2020'!$B56,'Costos corrientes'!$C$3:$C$169,'Costos costantes 2020'!$C56)/((1+$B$1)^($C56-$C$1)),NA()) -> #N/A
A57: J | B57: Biomass | C57: 2018 | D57: =IF(SUMIFS('Costos corrientes'!D$3:D$169,'Costos corrientes'!$A$3:$A$169,'Costos costantes 2020'!$A57,'Costos corrientes'!$B$3:$B$169,'Costos costantes 2020'!$B57,'Costos corrientes'!$C$3:$C$169,'Costos costantes 2020'!$C57)>0,SUMIFS('Costos corrientes'!D$3:D$169,'Costos corrientes'!$A$3:$A$169,'Costos costantes 2020'!$A57,'Costos corrientes'!$B$3:$B$169,'Costos costantes 2020'!$B57,'Costos corrientes'!$C$3:$C$169,'Costos costantes 2020'!$C57)/((1+$B$1)^($C57-$C$1)),NA()) -> 4343.8524 | E57: =IF(SUMIFS('Costos corrientes'!E$3:E$169,'Costos corrientes'!$A$3:$A$169,'Costos costantes 2020'!$A57,'Costos corrientes'!$B$3:$B$169,'Costos costantes 2020'!$B57,'Costos corrientes'!$C$3:$C$169,'Costos costantes 2020'!$C57)>0,SUMIFS('Costos corrientes'!E$3:E$169,'Costos corrientes'!$A$3:$A$169,'Costos costantes 2020'!$A57,'Costos corrientes'!$B$3:$B$169,'Costos costantes 2020'!$B57,'Costos corrientes'!$C$3:$C$169,'Costos costantes 2020'!$C57)/((1+$B$1)^($C57-$C$1)),NA()) -> 6.3170957 | F57: =IF(SUMIFS('Costos corrientes'!F$3:F$169,'Costos corrientes'!$A$3:$A$169,'Costos costantes 2020'!$A57,'Costos corrientes'!$B$3:$B$169,'Costos costantes 2020'!$B57,'Costos corrientes'!$C$3:$C$169,'Costos costantes 2020'!$C57)>0,SUMIFS('Costos corrientes'!F$3:F$169,'Costos corrientes'!$A$3:$A$169,'Costos costantes 2020'!$A57,'Costos corrientes'!$B$3:$B$169,'Costos costantes 2020'!$B57,'Costos corrientes'!$C$3:$C$169,'Costos costantes 2020'!$C57)/((1+$B$1)^($C57-$C$1)),NA()) -> 126.96457 | G57: =IFERROR(INDEX('2018'!$B$2:$P$30,MATCH('Costos costantes 2020'!$A57,'2018'!$A$2:$A$30,0),MATCH('Costos costantes 2020'!G$1,'2018'!$B$1:$P$1,0)),NA()) -> 13500 | H57: =IFERROR(INDEX('2018'!$B$2:$P$30,MATCH('Costos costantes 2020'!$A57,'2018'!$A$2:$A$30,0),MATCH('Costos costantes 2020'!H$1,'2018'!$B$1:$P$1,0)),NA()) -> 4
A58: J | B58: Biomass | C58: 2019 | D58: =IF(SUMIFS('Costos corrientes'!D$3:D$169,'Costos corrientes'!$A$3:$A$169,'Costos costantes 2020'!$A58,'Costos corrientes'!$B$3:$B$169,'Costos costantes 2020'!$B58,'Costos corrientes'!$C$3:$C$169,'Costos costantes 2020'!$C58)>0,SUMIFS('Costos corrientes'!D$3:D$169,'Costos corrientes'!$A$3:$A$169,'Costos costantes 2020'!$A58,'Costos corrientes'!$B$3:$B$169,'Costos costantes 2020'!$B58,'Costos corrientes'!$C$3:$C$169,'Costos costantes 2020'!$C58)/((1+$B$1)^($C58-$C$1)),NA()) -> 4149.6 | E58: =IF(SUMIFS('Costos corrientes'!E$3:E$169,'Costos corrientes'!$A$3:$A$169,'Costos costantes 2020'!$A58,'Costos corrientes'!$B$3:$B$169,'Costos costantes 2020'!$B58,'Costos corrientes'!$C$3:$C$169,'Costos costantes 2020'!$C58)>0,SUMIFS('Costos corrientes'!E$3:E$169,'Costos corrientes'!$A$3:$A$169,'Costos costantes 2020'!$A58,'Costos corrientes'!$B$3:$B$169,'Costos costantes 2020'!$B58,'Costos corrientes'!$C$3:$C$169,'Costos costantes 2020'!$C58)/((1+$B$1)^($C58-$C$1)),NA()) -> 6.0648 | F58: =IF(SUMIFS('Costos corrientes'!F$3:F$169,'Costos corrientes'!$A$3:$A$169,'Costos costantes 2020'!$A58,'Costos corrientes'!$B$3:$B$169,'Costos costantes 2020'!$B58,'Costos corrientes'!$C$3:$C$169,'Costos costantes 2020'!$C58)>0,SUMIFS('Costos corrientes'!F$3:F$169,'Costos corrientes'!$A$3:$A$169,'Costos costantes 2020'!$A58,'Costos corrientes'!$B$3:$B$169,'Costos costantes 2020'!$B58,'Costos corrientes'!$C$3:$C$169,'Costos costantes 2020'!$C58)/((1+$B$1)^($C58-$C$1)),NA()) -> 121.71096 | G58: =IFERROR(INDEX('2019'!$B$2:$P$30,MATCH('Costos costantes 2020'!$A58,'2019'!$A$2:$A$30,0),MATCH('Costos costantes 2020'!G$1,'2019'!$B$1:$P$1,0)),NA()) -> 13500 | H58: =IFERROR(INDEX('2019'!$B$2:$P$30,MATCH('Costos costantes 2020'!$A58,'2019'!$A$2:$A$30,0),MATCH('Costos costantes 2020'!H$1,'2019'!$B$1:$P$1,0)),NA()) -> 4
A59: J | B59: Biomass | C59: 2020 | D59: =IF(SUMIFS('Costos corrientes'!D$3:D$169,'Costos corrientes'!$A$3:$A$169,'Costos costantes 2020'!$A59,'Costos corrientes'!$B$3:$B$169,'Costos costantes 2020'!$B59,'Costos corrientes'!$C$3:$C$169,'Costos costantes 2020'!$C59)>0,SUMIFS('Costos corrientes'!D$3:D$169,'Costos corrientes'!$A$3:$A$169,'Costos costantes 2020'!$A59,'Costos corrientes'!$B$3:$B$169,'Costos costantes 2020'!$B59,'Costos corrientes'!$C$3:$C$169,'Costos costantes 2020'!$C59)/((1+$B$1)^($C59-$C$1)),NA()) -> 4104 | E59: =IF(SUMIFS('Costos corrientes'!E$3:E$169,'Costos corrientes'!$A$3:$A$169,'Costos costantes 2020'!$A59,'Costos corrientes'!$B$3:$B$169,'Costos costantes 2020'!$B59,'Costos corrientes'!$C$3:$C$169,'Costos costantes 2020'!$C59)>0,SUMIFS('Costos corrientes'!E$3:E$169,'Costos corrientes'!$A$3:$A$169,'Costos costantes 2020'!$A59,'Costos corrientes'!$B$3:$B$169,'Costos costantes 2020'!$B59,'Costos corrientes'!$C$3:$C$169,'Costos costantes 2020'!$C59)/((1+$B$1)^($C59-$C$1)),NA()) -> 4.81 | F59: =IF(SUMIFS('Costos corrientes'!F$3:F$169,'Costos corrientes'!$A$3:$A$169,'Costos costantes 2020'!$A59,'Costos corrientes'!$B$3:$B$169,'Costos costantes 2020'!$B59,'Costos corrientes'!$C$3:$C$169,'Costos costantes 2020'!$C59)>0,SUMIFS('Costos corrientes'!F$3:F$169,'Costos corrientes'!$A$3:$A$169,'Costos costantes 2020'!$A59,'Costos corrientes'!$B$3:$B$169,'Costos costantes 2020'!$B59,'Costos corrientes'!$C$3:$C$169,'Costos costantes 2020'!$C59)/((1+$B$1)^($C59-$C$1)),NA()) -> 125.19 | G59: =IFERROR(INDEX('2020'!$B$2:$P$30,MATCH('Costos costantes 2020'!$A58,'2020'!$A$2:$A$30,0),MATCH('Costos costantes 2020'!G$1,'2020'!$B$1:$P$1,0)),NA()) -> 13500 | H59: =IFERROR(INDEX('2020'!$B$2:$P$30,MATCH('Costos costantes 2020'!$A58,'2020'!$A$2:$A$30,0),MATCH('Costos costantes 2020'!H$1,'2020'!$B$1:$P$1,0)),NA()) -> 4
A60: J | B60: Biomass | C60: 2021 | D60: =IF(SUMIFS('Costos corrientes'!D$3:D$169,'Costos corrientes'!$A$3:$A$169,'Costos costantes 2020'!$A60,'Costos corrientes'!$B$3:$B$169,'Costos costantes 2020'!$B60,'Costos corrientes'!$C$3:$C$169,'Costos costantes 2020'!$C60)>0,SUMIFS('Costos corrientes'!D$3:D$169,'Costos corrientes'!$A$3:$A$169,'Costos costantes 2020'!$A60,'Costos corrientes'!$B$3:$B$169,'Costos costantes 2020'!$B60,'Costos corrientes'!$C$3:$C$169,'Costos costantes 2020'!$C60)/((1+$B$1)^($C60-$C$1)),NA()) -> 3832.7068 | E60: =IF(SUMIFS('Costos corrientes'!E$3:E$169,'Costos corrientes'!$A$3:$A$169,'Costos costantes 2020'!$A60,'Costos corrientes'!$B$3:$B$169,'Costos costantes 2020'!$B60,'Costos corrientes'!$C$3:$C$169,'Costos costantes 2020'!$C60)>0,SUMIFS('Costos corrientes'!E$3:E$169,'Costos corrientes'!$A$3:$A$169,'Costos costantes 2020'!$A60,'Costos corrientes'!$B$3:$B$169,'Costos costantes 2020'!$B60,'Costos corrientes'!$C$3:$C$169,'Costos costantes 2020'!$C60)/((1+$B$1)^($C60-$C$1)),NA()) -> 4.5582707 | F60: =IF(SUMIFS('Costos corrientes'!F$3:F$169,'Costos corrientes'!$A$3:$A$169,'Costos costantes 2020'!$A60,'Costos corrientes'!$B$3:$B$169,'Costos costantes 2020'!$B60,'Costos corrientes'!$C$3:$C$169,'Costos costantes 2020'!$C60)>0,SUMIFS('Costos corrientes'!F$3:F$169,'Costos corrientes'!$A$3:$A$169,'Costos costantes 2020'!$A60,'Costos corrientes'!$B$3:$B$169,'Costos costantes 2020'!$B60,'Costos corrientes'!$C$3:$C$169,'Costos costantes 2020'!$C60)/((1+$B$1)^($C60-$C$1)),NA()) -> 118.7594 | G60: =IFERROR(INDEX('2021'!$B$2:$P$30,MATCH('Costos costantes 2020'!$A58,'2021'!$A$2:$A$30,0),MATCH('Costos costantes 2020'!G$1,'2021'!$B$1:$P$1,0)),NA()) -> 13500 | H60: =IFERROR(INDEX('2021'!$B$2:$P$30,MATCH('Costos costantes 2020'!$A58,'2021'!$A$2:$A$30,0),MATCH('Costos costantes 2020'!H$1,'2021'!$B$1:$P$1,0)),NA()) -> 4
A61: J | B61: Biomass | C61: 2022 | D61: =IF(SUMIFS('Costos corrientes'!D$3:D$169,'Costos corrientes'!$A$3:$A$169,'Costos costantes 2020'!$A61,'Costos corrientes'!$B$3:$B$169,'Costos costantes 2020'!$B61,'Costos corrientes'!$C$3:$C$169,'Costos costantes 2020'!$C61)>0,SUMIFS('Costos corrientes'!D$3:D$169,'Costos corrientes'!$A$3:$A$169,'Costos costantes 2020'!$A61,'Costos corrientes'!$B$3:$B$169,'Costos costantes 2020'!$B61,'Costos corrientes'!$C$3:$C$169,'Costos costantes 2020'!$C61)/((1+$B$1)^($C61-$C$1)),NA()) -> 3997.0109 | E61: =IF(SUMIFS('Costos corrientes'!E$3:E$169,'Costos corrientes'!$A$3:$A$169,'Costos costantes 2020'!$A61,'Costos corrientes'!$B$3:$B$169,'Costos costantes 2020'!$B61,'Costos corrientes'!$C$3:$C$169,'Costos costantes 2020'!$C61)>0,SUMIFS('Costos corrientes'!E$3:E$169,'Costos corrientes'!$A$3:$A$169,'Costos costantes 2020'!$A61,'Costos corrientes'!$B$3:$B$169,'Costos costantes 2020'!$B61,'Costos corrientes'!$C$3:$C$169,'Costos costantes 2020'!$C61)/((1+$B$1)^($C61-$C$1)),NA()) -> 4.4695856 | F61: =IF(SUMIFS('Costos corrientes'!F$3:F$169,'Costos corrientes'!$A$3:$A$169,'Costos costantes 2020'!$A61,'Costos corrientes'!$B$3:$B$169,'Costos costantes 2020'!$B61,'Costos corrientes'!$C$3:$C$169,'Costos costantes 2020'!$C61)>0,SUMIFS('Costos corrientes'!F$3:F$169,'Costos corrientes'!$A$3:$A$169,'Costos costantes 2020'!$A61,'Costos corrientes'!$B$3:$B$169,'Costos costantes 2020'!$B61,'Costos corrientes'!$C$3:$C$169,'Costos costantes 2020'!$C61)/((1+$B$1)^($C61-$C$1)),NA()) -> 116.26223 | G61: =IFERROR(INDEX('2022'!$B$2:$P$30,MATCH('Costos costantes 2020'!$A58,'2022'!$A$2:$A$30,0),MATCH('Costos costantes 2020'!G$1,'2022'!$B$1:$P$1,0)),NA()) -> 13500 | H61: =IFERROR(INDEX('2022'!$B$2:$P$30,MATCH('Costos costantes 2020'!$A58,'2022'!$A$2:$A$30,0),MATCH('Costos costantes 2020'!H$1,'2022'!$B$1:$P$1,0)),NA()) -> 4
A62: J | B62: Biomass | C62: 2023 | D62: =IF(SUMIFS('Costos corrientes'!D$3:D$169,'Costos corrientes'!$A$3:$A$169,'Costos costantes 2020'!$A62,'Costos corrientes'!$B$3:$B$169,'Costos costantes 2020'!$B62,'Costos corrientes'!$C$3:$C$169,'Costos costantes 2020'!$C62)>0,SUMIFS('Costos corrientes'!D$3:D$169,'Costos corrientes'!$A$3:$A$169,'Costos costantes 2020'!$A62,'Costos corrientes'!$B$3:$B$169,'Costos costantes 2020'!$B62,'Costos corrientes'!$C$3:$C$169,'Costos costantes 2020'!$C62)/((1+$B$1)^($C62-$C$1)),NA()) -> 4149.2669 | E62: =IF(SUMIFS('Costos corrientes'!E$3:E$169,'Costos corrientes'!$A$3:$A$169,'Costos costantes 2020'!$A62,'Costos corrientes'!$B$3:$B$169,'Costos costantes 2020'!$B62,'Costos corrientes'!$C$3:$C$169,'Costos costantes 2020'!$C62)>0,SUMIFS('Costos corrientes'!E$3:E$169,'Costos corrientes'!$A$3:$A$169,'Costos costantes 2020'!$A62,'Costos corrientes'!$B$3:$B$169,'Costos costantes 2020'!$B62,'Costos corrientes'!$C$3:$C$169,'Costos costantes 2020'!$C62)/((1+$B$1)^($C62-$C$1)),NA()) -> 4.5162088 | F62: =IF(SUMIFS('Costos corrientes'!F$3:F$169,'Costos corrientes'!$A$3:$A$169,'Costos costantes 2020'!$A62,'Costos corrientes'!$B$3:$B$169,'Costos costantes 2020'!$B62,'Costos corrientes'!$C$3:$C$169,'Costos costantes 2020'!$C62)>0,SUMIFS('Costos corrientes'!F$3:F$169,'Costos corrientes'!$A$3:$A$169,'Costos costantes 2020'!$A62,'Costos corrientes'!$B$3:$B$169,'Costos costantes 2020'!$B62,'Costos corrientes'!$C$3:$C$169,'Costos costantes 2020'!$C62)/((1+$B$1)^($C62-$C$1)),NA()) -> 117.47124 | G62: =IFERROR(INDEX('2022'!$B$2:$P$30,MATCH('Costos costantes 2020'!$A59,'2022'!$A$2:$A$30,0),MATCH('Costos costantes 2020'!G$1,'2022'!$B$1:$P$1,0)),NA()) -> 13500 | H62: =IFERROR(INDEX('2022'!$B$2:$P$30,MATCH('Costos costantes 2020'!$A59,'2022'!$A$2:$A$30,0),MATCH('Costos costantes 2020'!H$1,'2022'!$B$1:$P$1,0)),NA()) -> 4
A63: K | B63: Battery storage | C63: 2018 | D63: =IF(SUMIFS('Costos corrientes'!D$3:D$169,'Costos corrientes'!$A$3:$A$169,'Costos costantes 2020'!$A63,'Costos corrientes'!$B$3:$B$169,'Costos costantes 2020'!$B63,'Costos corrientes'!$C$3:$C$169,'Costos costantes 2020'!$C63)>0,SUMIFS('Costos corrientes'!D$3:D$169,'Costos corrientes'!$A$3:$A$169,'Costos costantes 2020'!$A63,'Costos corrientes'!$B$3:$B$169,'Costos costantes 2020'!$B63,'Costos corrientes'!$C$3:$C$169,'Costos costantes 2020'!$C63)/((1+$B$1)^($C63-$C$1)),NA()) -> 2456.6483 | E63: =IF(SUMIFS('Costos corrientes'!E$3:E$169,'Costos corrientes'!$A$3:$A$169,'Costos costantes 2020'!$A63,'Costos corrientes'!$B$3:$B$169,'Costos costantes 2020'!$B63,'Costos corrientes'!$C$3:$C$169,'Costos costantes 2020'!$C63)>0,SUMIFS('Costos corrientes'!E$3:E$169,'Costos corrientes'!$A$3:$A$169,'Costos costantes 2020'!$A63,'Costos corrientes'!$B$3:$B$169,'Costos costantes 2020'!$B63,'Costos corrientes'!$C$3:$C$169,'Costos costantes 2020'!$C63)/((1+$B$1)^($C63-$C$1)),NA()) -> 8.0605235 | F63: =IF(SUMIFS('Costos corrientes'!F$3:F$169,'Costos corrientes'!$A$3:$A$169,'Costos costantes 2020'!$A63,'Costos corrientes'!$B$3:$B$169,'Costos costantes 2020'!$B63,'Costos corrientes'!$C$3:$C$169,'Costos costantes 2020'!$C63)>0,SUMIFS('Costos corrientes'!F$3:F$169,'Costos corrientes'!$A$3:$A$169,'Costos costantes 2020'!$A63,'Costos corrientes'!$B$3:$B$169,'Costos costantes 2020'!$B63,'Costos corrientes'!$C$3:$C$169,'Costos costantes 2020'!$C63)/((1+$B$1)^($C63-$C$1)),NA()) -> 40.302618 | G63: =IFERROR(INDEX('2018'!$B$2:$P$30,MATCH('Costos costantes 2020'!$A63,'2018'!$A$2:$A$30,0),MATCH('Costos costantes 2020'!G$1,'2018'!$B$1:$P$1,0)),NA()) -> N/A | H63: =IFERROR(INDEX('2018'!$B$2:$P$30,MATCH('Costos costantes 2020'!$A63,'2018'!$A$2:$A$30,0),MATCH('Costos costantes 2020'!H$1,'2018'!$B$1:$P$1,0)),NA()) -> 1
A64: K | B64: Battery storage | C64: 2019 | D64: =IF(SUMIFS('Costos corrientes'!D$3:D$169,'Costos corrientes'!$A$3:$A$169,'Costos costantes 2020'!$A64,'Costos corrientes'!$B$3:$B$169,'Costos costantes 2020'!$B64,'Costos corrientes'!$C$3:$C$169,'Costos costantes 2020'!$C64)>0,SUMIFS('Costos corrientes'!D$3:D$169,'Costos corrientes'!$A$3:$A$169,'Costos costantes 2020'!$A64,'Costos corrientes'!$B$3:$B$169,'Costos costantes 2020'!$B64,'Costos corrientes'!$C$3:$C$169,'Costos costantes 2020'!$C64)/((1+$B$1)^($C64-$C$1)),NA()) -> 2074.8 | E64: =IF(SUMIFS('Costos corrientes'!E$3:E$169,'Costos corrientes'!$A$3:$A$169,'Costos costantes 2020'!$A64,'Costos corrientes'!$B$3:$B$169,'Costos costantes 2020'!$B64,'Costos corrientes'!$C$3:$C$169,'Costos costantes 2020'!$C64)>0,SUMIFS('Costos corrientes'!E$3:E$169,'Costos corrientes'!$A$3:$A$169,'Costos costantes 2020'!$A64,'Costos corrientes'!$B$3:$B$169,'Costos costantes 2020'!$B64,'Costos corrientes'!$C$3:$C$169,'Costos costantes 2020'!$C64)/((1+$B$1)^($C64-$C$1)),NA()) -> 7.72464 | F64: =IF(SUMIFS('Costos corrientes'!F$3:F$169,'Costos corrientes'!$A$3:$A$169,'Costos costantes 2020'!$A64,'Costos corrientes'!$B$3:$B$169,'Costos costantes 2020'!$B64,'Costos corrientes'!$C$3:$C$169,'Costos costantes 2020'!$C64)>0,SUMIFS('Costos corrientes'!F$3:F$169,'Costos corrientes'!$A$3:$A$169,'Costos costantes 2020'!$A64,'Costos corrientes'!$B$3:$B$169,'Costos costantes 2020'!$B64,'Costos corrientes'!$C$3:$C$169,'Costos costantes 2020'!$C64)/((1+$B$1)^($C64-$C$1)),NA()) -> 38.64448 | G64: =IFERROR(INDEX('2019'!$B$2:$P$30,MATCH('Costos costantes 2020'!$A64,'2019'!$A$2:$A$30,0),MATCH('Costos costantes 2020'!G$1,'2019'!$B$1:$P$1,0)),NA()) -> NA | H64: =IFERROR(INDEX('2019'!$B$2:$P$30,MATCH('Costos costantes 2020'!$A64,'2019'!$A$2:$A$30,0),MATCH('Costos costantes 2020'!H$1,'2019'!$B$1:$P$1,0)),NA()) -> 1
A65: K | B65: Battery storage | C65: 2020 | D65: =IF(SUMIFS('Costos corrientes'!D$3:D$169,'Costos corrientes'!$A$3:$A$169,'Costos costantes 2020'!$A65,'Costos corrientes'!$B$3:$B$169,'Costos costantes 2020'!$B65,'Costos corrientes'!$C$3:$C$169,'Costos costantes 2020'!$C65)>0,SUMIFS('Costos corrientes'!D$3:D$169,'Costos corrientes'!$A$3:$A$169,'Costos costantes 2020'!$A65,'Costos corrientes'!$B$3:$B$169,'Costos costantes 2020'!$B65,'Costos corrientes'!$C$3:$C$169,'Costos costantes 2020'!$C65)/((1+$B$1)^($C65-$C$1)),NA()) -> 1383 | E65: =IF(SUMIFS('Costos corrientes'!E$3:E$169,'Costos corrientes'!$A$3:$A$169,'Costos costantes 2020'!$A65,'Costos corrientes'!$B$3:$B$169,'Costos costantes 2020'!$B65,'Costos corrientes'!$C$3:$C$169,'Costos costantes 2020'!$C65)>0,SUMIFS('Costos corrientes'!E$3:E$169,'Costos corrientes'!$A$3:$A$169,'Costos costantes 2020'!$A65,'Costos corrientes'!$B$3:$B$169,'Costos costantes 2020'!$B65,'Costos corrientes'!$C$3:$C$169,'Costos costantes 2020'!$C65)/((1+$B$1)^($C65-$C$1)),NA()) -> #N/A | F65: =IF(SUMIFS('Costos corrientes'!F$3:F$169,'Costos corrientes'!$A$3:$A$169,'Costos costantes 2020'!$A65,'Costos corrientes'!$B$3:$B$169,'Costos costantes 2020'!$B65,'Costos corrientes'!$C$3:$C$169,'Costos costantes 2020'!$C65)>0,SUMIFS('Costos corrientes'!F$3:F$169,'Costos corrientes'!$A$3:$A$169,'Costos costantes 2020'!$A65,'Costos corrientes'!$B$3:$B$169,'Costos costantes 2020'!$B65,'Costos corrientes'!$C$3:$C$169,'Costos costantes 2020'!$C65)/((1+$B$1)^($C65-$C$1)),NA()) -> 24.7 | G65: =IFERROR(INDEX('2020'!$B$2:$P$30,MATCH('Costos costantes 2020'!$A64,'2020'!$A$2:$A$30,0),MATCH('Costos costantes 2020'!G$1,'2020'!$B$1:$P$1,0)),NA()) -> NA | H65: =IFERROR(INDEX('2020'!$B$2:$P$30,MATCH('Costos costantes 2020'!$A64,'2020'!$A$2:$A$30,0),MATCH('Costos costantes 2020'!H$1,'2020'!$B$1:$P$1,0)),NA()) -> 1
A66: K | B66: Battery storage | C66: 2021 | D66: =IF(SUMIFS('Costos corrientes'!D$3:D$169,'Costos corrientes'!$A$3:$A$169,'Costos costantes 2020'!$A66,'Costos corrientes'!$B$3:$B$169,'Costos costantes 2020'!$B66,'Costos corrientes'!$C$3:$C$169,'Costos costantes 2020'!$C66)>0,SUMIFS('Costos corrientes'!D$3:D$169,'Costos corrientes'!$A$3:$A$169,'Costos costantes 2020'!$A66,'Costos corrientes'!$B$3:$B$169,'Costos costantes 2020'!$B66,'Costos corrientes'!$C$3:$C$169,'Costos costantes 2020'!$C66)/((1+$B$1)^($C66-$C$1)),NA()) -> 1094.9248 | E66: =IF(SUMIFS('Costos corrientes'!E$3:E$169,'Costos corrientes'!$A$3:$A$169,'Costos costantes 2020'!$A66,'Costos corrientes'!$B$3:$B$169,'Costos costantes 2020'!$B66,'Costos corrientes'!$C$3:$C$169,'Costos costantes 2020'!$C66)>0,SUMIFS('Costos corrientes'!E$3:E$169,'Costos corrientes'!$A$3:$A$169,'Costos costantes 2020'!$A66,'Costos corrientes'!$B$3:$B$169,'Costos costantes 2020'!$B66,'Costos corrientes'!$C$3:$C$169,'Costos costantes 2020'!$C66)/((1+$B$1)^($C66-$C$1)),NA()) -> #N/A | F66: =IF(SUMIFS('Costos corrientes'!F$3:F$169,'Costos corrientes'!$A$3:$A$169,'Costos costantes 2020'!$A66,'Costos corrientes'!$B$3:$B$169,'Costos costantes 2020'!$B66,'Costos corrientes'!$C$3:$C$169,'Costos costantes 2020'!$C66)>0,SUMIFS('Costos corrientes'!F$3:F$169,'Costos corrientes'!$A$3:$A$169,'Costos costantes 2020'!$A66,'Costos corrientes'!$B$3:$B$169,'Costos costantes 2020'!$B66,'Costos corrientes'!$C$3:$C$169,'Costos costantes 2020'!$C66)/((1+$B$1)^($C66-$C$1)),NA()) -> 23.430451 | G66: =IFERROR(INDEX('2021'!$B$2:$P$30,MATCH('Costos costantes 2020'!$A64,'2021'!$A$2:$A$30,0),MATCH('Costos costantes 2020'!G$1,'2021'!$B$1:$P$1,0)),NA()) -> NA | H66: =IFERROR(INDEX('2021'!$B$2:$P$30,MATCH('Costos costantes 2020'!$A64,'2021'!$A$2:$A$30,0),MATCH('Costos costantes 2020'!H$1,'2021'!$B$1:$P$1,0)),NA()) -> 1
A67: K | B67: Battery storage | C67: 2022 | D67: =IF(SUMIFS('Costos corrientes'!D$3:D$169,'Costos corrientes'!$A$3:$A$169,'Costos costantes 2020'!$A67,'Costos corrientes'!$B$3:$B$169,'Costos costantes 2020'!$B67,'Costos corrientes'!$C$3:$C$169,'Costos costantes 2020'!$C67)>0,SUMIFS('Costos corrientes'!D$3:D$169,'Costos corrientes'!$A$3:$A$169,'Costos costantes 2020'!$A67,'Costos corrientes'!$B$3:$B$169,'Costos costantes 2020'!$B67,'Costos corrientes'!$C$3:$C$169,'Costos costantes 2020'!$C67)/((1+$B$1)^($C67-$C$1)),NA()) -> 1162.4456 | E67: =IF(SUMIFS('Costos corrientes'!E$3:E$169,'Costos corrientes'!$A$3:$A$169,'Costos costantes 2020'!$A67,'Costos corrientes'!$B$3:$B$169,'Costos costantes 2020'!$B67,'Costos corrientes'!$C$3:$C$169,'Costos costantes 2020'!$C67)>0,SUMIFS('Costos corrientes'!E$3:E$169,'Costos corrientes'!$A$3:$A$169,'Costos costantes 2020'!$A67,'Costos corrientes'!$B$3:$B$169,'Costos costantes 2020'!$B67,'Costos corrientes'!$C$3:$C$169,'Costos costantes 2020'!$C67)/((1+$B$1)^($C67-$C$1)),NA()) -> #N/A | F67: =IF(SUMIFS('Costos corrientes'!F$3:F$169,'Costos corrientes'!$A$3:$A$169,'Costos costantes 2020'!$A67,'Costos corrientes'!$B$3:$B$169,'Costos costantes 2020'!$B67,'Costos corrientes'!$C$3:$C$169,'Costos costantes 2020'!$C67)>0,SUMIFS('Costos corrientes'!F$3:F$169,'Costos corrientes'!$A$3:$A$169,'Costos costantes 2020'!$A67,'Costos corrientes'!$B$3:$B$169,'Costos costantes 2020'!$B67,'Costos corrientes'!$C$3:$C$169,'Costos costantes 2020'!$C67)/((1+$B$1)^($C67-$C$1)),NA()) -> 22.930918 | G67: =IFERROR(INDEX('2022'!$B$2:$P$30,MATCH('Costos costantes 2020'!$A64,'2022'!$A$2:$A$30,0),MATCH('Costos costantes 2020'!G$1,'2022'!$B$1:$P$1,0)),NA()) -> NA | H67: =IFERROR(INDEX('2022'!$B$2:$P$30,MATCH('Costos costantes 2020'!$A64,'2022'!$A$2:$A$30,0),MATCH('Costos costantes 2020'!H$1,'2022'!$B$1:$P$1,0)),NA()) -> 1
A68: K | B68: Battery storage | C68: 2023 | D68: =IF(SUMIFS('Costos corrientes'!D$3:D$169,'Costos corrientes'!$A$3:$A$169,'Costos costantes 2020'!$A68,'Costos corrientes'!$B$3:$B$169,'Costos costantes 2020'!$B68,'Costos corrientes'!$C$3:$C$169,'Costos costantes 2020'!$C68)>0,SUMIFS('Costos corrientes'!D$3:D$169,'Costos corrientes'!$A$3:$A$169,'Costos costantes 2020'!$A68,'Costos corrientes'!$B$3:$B$169,'Costos costantes 2020'!$B68,'Costos corrientes'!$C$3:$C$169,'Costos costantes 2020'!$C68)/((1+$B$1)^($C68-$C$1)),NA()) -> 1054.3355 | E68: =IF(SUMIFS('Costos corrientes'!E$3:E$169,'Costos corrientes'!$A$3:$A$169,'Costos costantes 2020'!$A68,'Costos corrientes'!$B$3:$B$169,'Costos costantes 2020'!$B68,'Costos corrientes'!$C$3:$C$169,'Costos costantes 2020'!$C68)>0,SUMIFS('Costos corrientes'!E$3:E$169,'Costos corrientes'!$A$3:$A$169,'Costos costantes 2020'!$A68,'Costos corrientes'!$B$3:$B$169,'Costos costantes 2020'!$B68,'Costos corrientes'!$C$3:$C$169,'Costos costantes 2020'!$C68)/((1+$B$1)^($C68-$C$1)),NA()) -> #N/A | F68: =IF(SUMIFS('Costos corrientes'!F$3:F$169,'Costos corrientes'!$A$3:$A$169,'Costos costantes 2020'!$A68,'Costos corrientes'!$B$3:$B$169,'Costos costantes 2020'!$B68,'Costos corrientes'!$C$3:$C$169,'Costos costantes 2020'!$C68)>0,SUMIFS('Costos corrientes'!F$3:F$169,'Costos corrientes'!$A$3:$A$169,'Costos costantes 2020'!$A68,'Costos corrientes'!$B$3:$B$169,'Costos costantes 2020'!$B68,'Costos corrientes'!$C$3:$C$169,'Costos costantes 2020'!$C68)/((1+$B$1)^($C68-$C$1)),NA()) -> 37.989286 | G68: =IFERROR(INDEX('2022'!$B$2:$P$30,MATCH('Costos costantes 2020'!$A65,'2022'!$A$2:$A$30,0),MATCH('Costos costantes 2020'!G$1,'2022'!$B$1:$P$1,0)),NA()) -> NA | H68: =IFERROR(INDEX('2022'!$B$2:$P$30,MATCH('Costos costantes 2020'!$A65,'2022'!$A$2:$A$30,0),MATCH('Costos costantes 2020'!H$1,'2022'!$B$1:$P$1,0)),NA()) -> 1
A69: L | B69: Distributed generation—peak | C69: 2018 | D69: =IF(SUMIFS('Costos corrientes'!D$3:D$169,'Costos corrientes'!$A$3:$A$169,'Costos costantes 2020'!$A69,'Costos corrientes'!$B$3:$B$169,'Costos costantes 2020'!$B69,'Costos corrientes'!$C$3:$C$169,'Costos costantes 2020'!$C69)>0,SUMIFS('Costos corrientes'!D$3:D$169,'Costos corrientes'!$A$3:$A$169,'Costos costantes 2020'!$A69,'Costos corrientes'!$B$3:$B$169,'Costos costantes 2020'!$B69,'Costos corrientes'!$C$3:$C$169,'Costos costantes 2020'!$C69)/((1+$B$1)^($C69-$C$1)),NA()) -> 2112.4911 | E69: =IF(SUMIFS('Costos corrientes'!E$3:E$169,'Costos corrientes'!$A$3:$A$169,'Costos costantes 2020'!$A69,'Costos corrientes'!$B$3:$B$169,'Costos costantes 2020'!$B69,'Costos corrientes'!$C$3:$C$169,'Costos costantes 2020'!$C69)>0,SUMIFS('Costos corrientes'!E$3:E$169,'Costos corrientes'!$A$3:$A$169,'Costos costantes 2020'!$A69,'Costos corrientes'!$B$3:$B$169,'Costos costantes 2020'!$B69,'Costos corrientes'!$C$3:$C$169,'Costos costantes 2020'!$C69)/((1+$B$1)^($C69-$C$1)),NA()) -> 9.3171501 | F69: =IF(SUMIFS('Costos corrientes'!F$3:F$169,'Costos corrientes'!$A$3:$A$169,'Costos costantes 2020'!$A69,'Costos corrientes'!$B$3:$B$169,'Costos costantes 2020'!$B69,'Costos corrientes'!$C$3:$C$169,'Costos costantes 2020'!$C69)>0,SUMIFS('Costos corrientes'!F$3:F$169,'Costos corrientes'!$A$3:$A$169,'Costos costantes 2020'!$A69,'Costos corrientes'!$B$3:$B$169,'Costos costantes 2020'!$B69,'Costos corrientes'!$C$3:$C$169,'Costos costantes 2020'!$C69)/((1+$B$1)^($C69-$C$1)),NA()) -> 20.966418 | G69: =IFERROR(INDEX('2018'!$B$2:$P$30,MATCH('Costos costantes 2020'!$A69,'2018'!$A$2:$A$30,0),MATCH('Costos costantes 2020'!G$1,'2018'!$B$1:$P$1,0)),NA()) -> 9961 | H69: =IFERROR(INDEX('2018'!$B$2:$P$30,MATCH('Costos costantes 2020'!$A69,'2018'!$A$2:$A$30,0),MATCH('Costos costantes 2020'!H$1,'2018'!$B$1:$P$1,0)),NA()) -> 2
A70: L | B70: Distributed generation—peak | C70: 2019 | D70: =IF(SUMIFS('Costos corrientes'!D$3:D$169,'Costos corrientes'!$A$3:$A$169,'Costos costantes 2020'!$A70,'Costos corrientes'!$B$3:$B$169,'Costos costantes 2020'!$B70,'Costos corrientes'!$C$3:$C$169,'Costos costantes 2020'!$C70)>0,SUMIFS('Costos corrientes'!D$3:D$169,'Costos corrientes'!$A$3:$A$169,'Costos costantes 2020'!$A70,'Costos corrientes'!$B$3:$B$169,'Costos costantes 2020'!$B70,'Costos corrientes'!$C$3:$C$169,'Costos costantes 2020'!$C70)/((1+$B$1)^($C70-$C$1)),NA()) -> 2015.216 | E70: =IF(SUMIFS('Costos corrientes'!E$3:E$169,'Costos corrientes'!$A$3:$A$169,'Costos costantes 2020'!$A70,'Costos corrientes'!$B$3:$B$169,'Costos costantes 2020'!$B70,'Costos corrientes'!$C$3:$C$169,'Costos costantes 2020'!$C70)>0,SUMIFS('Costos corrientes'!E$3:E$169,'Costos corrientes'!$A$3:$A$169,'Costos costantes 2020'!$A70,'Costos corrientes'!$B$3:$B$169,'Costos costantes 2020'!$B70,'Costos corrientes'!$C$3:$C$169,'Costos costantes 2020'!$C70)/((1+$B$1)^($C70-$C$1)),NA()) -> 8.9376 | F70: =IF(SUMIFS('Costos corrientes'!F$3:F$169,'Costos corrientes'!$A$3:$A$169,'Costos costantes 2020'!$A70,'Costos corrientes'!$B$3:$B$169,'Costos costantes 2020'!$B70,'Costos corrientes'!$C$3:$C$169,'Costos costantes 2020'!$C70)>0,SUMIFS('Costos corrientes'!F$3:F$169,'Costos corrientes'!$A$3:$A$169,'Costos costantes 2020'!$A70,'Costos corrientes'!$B$3:$B$169,'Costos costantes 2020'!$B70,'Costos corrientes'!$C$3:$C$169,'Costos costantes 2020'!$C70)/((1+$B$1)^($C70-$C$1)),NA()) -> 20.1096 | G70: =IFERROR(INDEX('2019'!$B$2:$P$30,MATCH('Costos costantes 2020'!$A70,'2019'!$A$2:$A$30,0),MATCH('Costos costantes 2020'!G$1,'2019'!$B$1:$P$1,0)),NA()) -> 9948 | H70: =IFERROR(INDEX('2019'!$B$2:$P$30,MATCH('Costos costantes 2020'!$A70,'2019'!$A$2:$A$30,0),MATCH('Costos costantes 2020'!H$1,'2019'!$B$1:$P$1,0)),NA()) -> 2
A71: L | B71: Distributed generation—peak | C71: 2020 | D71: =IF(SUMIFS('Costos corrientes'!D$3:D$169,'Costos corrientes'!$A$3:$A$169,'Costos costantes 2020'!$A71,'Costos corrientes'!$B$3:$B$169,'Costos costantes 2020'!$B71,'Costos corrientes'!$C$3:$C$169,'Costos costantes 2020'!$C71)>0,SUMIFS('Costos corrientes'!D$3:D$169,'Costos corrientes'!$A$3:$A$169,'Costos costantes 2020'!$A71,'Costos corrientes'!$B$3:$B$169,'Costos costantes 2020'!$B71,'Costos corrientes'!$C$3:$C$169,'Costos costantes 2020'!$C71)/((1+$B$1)^($C71-$C$1)),NA()) -> 1868 | E71: =IF(SUMIFS('Costos corrientes'!E$3:E$169,'Costos corrientes'!$A$3:$A$169,'Costos costantes 2020'!$A71,'Costos corrientes'!$B$3:$B$169,'Costos costantes 2020'!$B71,'Costos corrientes'!$C$3:$C$169,'Costos costantes 2020'!$C71)>0,SUMIFS('Costos corrientes'!E$3:E$169,'Costos corrientes'!$A$3:$A$169,'Costos costantes 2020'!$A71,'Costos corrientes'!$B$3:$B$169,'Costos costantes 2020'!$B71,'Costos corrientes'!$C$3:$C$169,'Costos costantes 2020'!$C71)/((1+$B$1)^($C71-$C$1)),NA()) -> 8.57 | F71: =IF(SUMIFS('Costos corrientes'!F$3:F$169,'Costos corrientes'!$A$3:$A$169,'Costos costantes 2020'!$A71,'Costos corrientes'!$B$3:$B$169,'Costos costantes 2020'!$B71,'Costos corrientes'!$C$3:$C$169,'Costos costantes 2020'!$C71)>0,SUMIFS('Costos corrientes'!F$3:F$169,'Costos corrientes'!$A$3:$A$169,'Costos costantes 2020'!$A71,'Costos corrientes'!$B$3:$B$169,'Costos costantes 2020'!$B71,'Costos corrientes'!$C$3:$C$169,'Costos costantes 2020'!$C71)/((1+$B$1)^($C71-$C$1)),NA()) -> 19.28 | G71: =IFERROR(INDEX('2020'!$B$2:$P$30,MATCH('Costos costantes 2020'!$A70,'2020'!$A$2:$A$30,0),MATCH('Costos costantes 2020'!G$1,'2020'!$B$1:$P$1,0)),NA()) -> 9934 | H71: =IFERROR(INDEX('2020'!$B$2:$P$30,MATCH('Costos costantes 2020'!$A70,'2020'!$A$2:$A$30,0),MATCH('Costos costantes 2020'!H$1,'2020'!$B$1:$P$1,0)),NA()) -> 2
A72: L | B72: Distributed generation—peak | C72: 2021 | D72: =IF(SUMIFS('Costos corrientes'!D$3:D$169,'Costos corrientes'!$A$3:$A$169,'Costos costantes 2020'!$A72,'Costos corrientes'!$B$3:$B$169,'Costos costantes 2020'!$B72,'Costos corrientes'!$C$3:$C$169,'Costos costantes 2020'!$C72)>0,SUMIFS('Costos corrientes'!D$3:D$169,'Costos corrientes'!$A$3:$A$169,'Costos costantes 2020'!$A72,'Costos corrientes'!$B$3:$B$169,'Costos costantes 2020'!$B72,'Costos corrientes'!$C$3:$C$169,'Costos costantes 2020'!$C72)/((1+$B$1)^($C72-$C$1)),NA()) -> 1761.2782 | E72: =IF(SUMIFS('Costos corrientes'!E$3:E$169,'Costos corrientes'!$A$3:$A$169,'Costos costantes 2020'!$A72,'Costos corrientes'!$B$3:$B$169,'Costos costantes 2020'!$B72,'Costos corrientes'!$C$3:$C$169,'Costos costantes 2020'!$C72)>0,SUMIFS('Costos corrientes'!E$3:E$169,'Costos corrientes'!$A$3:$A$169,'Costos costantes 2020'!$A72,'Costos corrientes'!$B$3:$B$169,'Costos costantes 2020'!$B72,'Costos corrientes'!$C$3:$C$169,'Costos costantes 2020'!$C72)/((1+$B$1)^($C72-$C$1)),NA()) -> 8.1296992 | F72: =IF(SUMIFS('Costos corrientes'!F$3:F$169,'Costos corrientes'!$A$3:$A$169,'Costos costantes 2020'!$A72,'Costos corrientes'!$B$3:$B$169,'Costos costantes 2020'!$B72,'Costos corrientes'!$C$3:$C$169,'Costos costantes 2020'!$C72)>0,SUMIFS('Costos corrientes'!F$3:F$169,'Costos corrientes'!$A$3:$A$169,'Costos costantes 2020'!$A72,'Costos corrientes'!$B$3:$B$169,'Costos costantes 2020'!$B72,'Costos corrientes'!$C$3:$C$169,'Costos costantes 2020'!$C72)/((1+$B$1)^($C72-$C$1)),NA()) -> 18.289474 | G72: =IFERROR(INDEX('2021'!$B$2:$P$30,MATCH('Costos costantes 2020'!$A70,'2021'!$A$2:$A$30,0),MATCH('Costos costantes 2020'!G$1,'2021'!$B$1:$P$1,0)),NA()) -> 9921 | H72: =IFERROR(INDEX('2021'!$B$2:$P$30,MATCH('Costos costantes 2020'!$A70,'2021'!$A$2:$A$30,0),MATCH('Costos costantes 2020'!H$1,'2021'!$B$1:$P$1,0)),NA()) -> 2
A73: L | B73: Distributed generation—peak | C73: 2022 | D73: =IF(SUMIFS('Costos corrientes'!D$3:D$169,'Costos corrientes'!$A$3:$A$169,'Costos costantes 2020'!$A73,'Costos corrientes'!$B$3:$B$169,'Costos costantes 2020'!$B73,'Costos corrientes'!$C$3:$C$169,'Costos costantes 2020'!$C73)>0,SUMIFS('Costos corrientes'!D$3:D$169,'Costos corrientes'!$A$3:$A$169,'Costos costantes 2020'!$A73,'Costos corrientes'!$B$3:$B$169,'Costos costantes 2020'!$B73,'Costos corrientes'!$C$3:$C$169,'Costos costantes 2020'!$C73)/((1+$B$1)^($C73-$C$1)),NA()) -> 1836.4167 | E73: =IF(SUMIFS('Costos corrientes'!E$3:E$169,'Costos corrientes'!$A$3:$A$169,'Costos costantes 2020'!$A73,'Costos corrientes'!$B$3:$B$169,'Costos costantes 2020'!$B73,'Costos corrientes'!$C$3:$C$169,'Costos costantes 2020'!$C73)>0,SUMIFS('Costos corrientes'!E$3:E$169,'Costos corrientes'!$A$3:$A$169,'Costos costantes 2020'!$A73,'Costos corrientes'!$B$3:$B$169,'Costos costantes 2020'!$B73,'Costos corrientes'!$C$3:$C$169,'Costos costantes 2020'!$C73)/((1+$B$1)^($C73-$C$1)),NA()) -> 7.958689 | F73: =IF(SUMIFS('Costos corrientes'!F$3:F$169,'Costos corrientes'!$A$3:$A$169,'Costos costantes 2020'!$A73,'Costos corrientes'!$B$3:$B$169,'Costos costantes 2020'!$B73,'Costos corrientes'!$C$3:$C$169,'Costos costantes 2020'!$C73)>0,SUMIFS('Costos corrientes'!F$3:F$169,'Costos corrientes'!$A$3:$A$169,'Costos costantes 2020'!$A73,'Costos corrientes'!$B$3:$B$169,'Costos costantes 2020'!$B73,'Costos corrientes'!$C$3:$C$169,'Costos costantes 2020'!$C73)/((1+$B$1)^($C73-$C$1)),NA()) -> 17.904842 | G73: =IFERROR(INDEX('2022'!$B$2:$P$30,MATCH('Costos costantes 2020'!$A70,'2022'!$A$2:$A$30,0),MATCH('Costos costantes 2020'!G$1,'2022'!$B$1:$P$1,0)),NA()) -> 9907 | H73: =IFERROR(INDEX('2022'!$B$2:$P$30,MATCH('Costos costantes 2020'!$A70,'2022'!$A$2:$A$30,0),MATCH('Costos costantes 2020'!H$1,'2022'!$B$1:$P$1,0)),NA()) -> 2
A74: L | B74: Distributed generation—peak | C74: 2023 | D74: =IF(SUMIFS('Costos corrientes'!D$3:D$169,'Costos corrientes'!$A$3:$A$169,'Costos costantes 2020'!$A74,'Costos corrientes'!$B$3:$B$169,'Costos costantes 2020'!$B74,'Costos corrientes'!$C$3:$C$169,'Costos costantes 2020'!$C74)>0,SUMIFS('Costos corrientes'!D$3:D$169,'Costos corrientes'!$A$3:$A$169,'Costos costantes 2020'!$A74,'Costos corrientes'!$B$3:$B$169,'Costos costantes 2020'!$B74,'Costos corrientes'!$C$3:$C$169,'Costos costantes 2020'!$C74)/((1+$B$1)^($C74-$C$1)),NA()) -> 1909.4265 | E74: =IF(SUMIFS('Costos corrientes'!E$3:E$169,'Costos corrientes'!$A$3:$A$169,'Costos costantes 2020'!$A74,'Costos corrientes'!$B$3:$B$169,'Costos costantes 2020'!$B74,'Costos corrientes'!$C$3:$C$169,'Costos costantes 2020'!$C74)>0,SUMIFS('Costos corrientes'!E$3:E$169,'Costos corrientes'!$A$3:$A$169,'Costos costantes 2020'!$A74,'Costos corrientes'!$B$3:$B$169,'Costos costantes 2020'!$B74,'Costos corrientes'!$C$3:$C$169,'Costos costantes 2020'!$C74)/((1+$B$1)^($C74-$C$1)),NA()) -> 8.044497 | F74: =IF(SUMIFS('Costos corrientes'!F$3:F$169,'Costos corrientes'!$A$3:$A$169,'Costos costantes 2020'!$A74,'Costos corrientes'!$B$3:$B$169,'Costos costantes 2020'!$B74,'Costos corrientes'!$C$3:$C$169,'Costos costantes 2020'!$C74)>0,SUMIFS('Costos corrientes'!F$3:F$169,'Costos corrientes'!$A$3:$A$169,'Costos costantes 2020'!$A74,'Costos corrientes'!$B$3:$B$169,'Costos costantes 2020'!$B74,'Costos corrientes'!$C$3:$C$169,'Costos costantes 2020'!$C74)/((1+$B$1)^($C74-$C$1)),NA()) -> 18.089741 | G74: =IFERROR(INDEX('2022'!$B$2:$P$30,MATCH('Costos costantes 2020'!$A71,'2022'!$A$2:$A$30,0),MATCH('Costos costantes 2020'!G$1,'2022'!$B$1:$P$1,0)),NA()) -> 9907 | H74: =IFERROR(INDEX('2022'!$B$2:$P$30,MATCH('Costos costantes 2020'!$A71,'2022'!$A$2:$A$30,0),MATCH('Costos costantes 2020'!H$1,'2022'!$B$1:$P$1,0)),NA()) -> 2
A75: M | B75: Distributed generation—base | C75: 2018 | D75: =IF(SUMIFS('Costos corrientes'!D$3:D$169,'Costos corrientes'!$A$3:$A$169,'Costos costantes 2020'!$A75,'Costos corrientes'!$B$3:$B$169,'Costos costantes 2020'!$B75,'Costos corrientes'!$C$3:$C$169,'Costos costantes 2020'!$C75)>0,SUMIFS('Costos corrientes'!D$3:D$169,'Costos corrientes'!$A$3:$A$169,'Costos costantes 2020'!$A75,'Costos corrientes'!$B$3:$B$169,'Costos costantes 2020'!$B75,'Costos corrientes'!$C$3:$C$169,'Costos costantes 2020'!$C75)/((1+$B$1)^($C75-$C$1)),NA()) -> 1758.1451 | E75: =IF(SUMIFS('Costos corrientes'!E$3:E$169,'Costos corrientes'!$A$3:$A$169,'Costos costantes 2020'!$A75,'Costos corrientes'!$B$3:$B$169,'Costos costantes 2020'!$B75,'Costos corrientes'!$C$3:$C$169,'Costos costantes 2020'!$C75)>0,SUMIFS('Costos corrientes'!E$3:E$169,'Costos corrientes'!$A$3:$A$169,'Costos costantes 2020'!$A75,'Costos corrientes'!$B$3:$B$169,'Costos costantes 2020'!$B75,'Costos corrientes'!$C$3:$C$169,'Costos costantes 2020'!$C75)/((1+$B$1)^($C75-$C$1)),NA()) -> 9.3171501 | F75: =IF(SUMIFS('Costos corrientes'!F$3:F$169,'Costos corrientes'!$A$3:$A$169,'Costos costantes 2020'!$A75,'Costos corrientes'!$B$3:$B$169,'Costos costantes 2020'!$B75,'Costos corrientes'!$C$3:$C$169,'Costos costantes 2020'!$C75)>0,SUMIFS('Costos corrientes'!F$3:F$169,'Costos corrientes'!$A$3:$A$169,'Costos costantes 2020'!$A75,'Costos corrientes'!$B$3:$B$169,'Costos costantes 2020'!$B75,'Costos corrientes'!$C$3:$C$169,'Costos costantes 2020'!$C75)/((1+$B$1)^($C75-$C$1)),NA()) -> 20.966418 | G75: =IFERROR(INDEX('2018'!$B$2:$P$30,MATCH('Costos costantes 2020'!$A75,'2018'!$A$2:$A$30,0),MATCH('Costos costantes 2020'!G$1,'2018'!$B$1:$P$1,0)),NA()) -> 8969 | H75: =IFERROR(INDEX('2018'!$B$2:$P$30,MATCH('Costos costantes 2020'!$A75,'2018'!$A$2:$A$30,0),MATCH('Costos costantes 2020'!H$1,'2018'!$B$1:$P$1,0)),NA()) -> 3
A76: M | B76: Distributed generation—base | C76: 2019 | D76: =IF(SUMIFS('Costos corrientes'!D$3:D$169,'Costos corrientes'!$A$3:$A$169,'Costos costantes 2020'!$A76,'Costos corrientes'!$B$3:$B$169,'Costos costantes 2020'!$B76,'Costos corrientes'!$C$3:$C$169,'Costos costantes 2020'!$C76)>0,SUMIFS('Costos corrientes'!D$3:D$169,'Costos corrientes'!$A$3:$A$169,'Costos costantes 2020'!$A76,'Costos corrientes'!$B$3:$B$169,'Costos costantes 2020'!$B76,'Costos corrientes'!$C$3:$C$169,'Costos costantes 2020'!$C76)/((1+$B$1)^($C76-$C$1)),NA()) -> 1676.864 | E76: =IF(SUMIFS('Costos corrientes'!E$3:E$169,'Costos corrientes'!$A$3:$A$169,'Costos costantes 2020'!$A76,'Costos corrientes'!$B$3:$B$169,'Costos costantes 2020'!$B76,'Costos corrientes'!$C$3:$C$169,'Costos costantes 2020'!$C76)>0,SUMIFS('Costos corrientes'!E$3:E$169,'Costos corrientes'!$A$3:$A$169,'Costos costantes 2020'!$A76,'Costos corrientes'!$B$3:$B$169,'Costos costantes 2020'!$B76,'Costos corrientes'!$C$3:$C$169,'Costos costantes 2020'!$C76)/((1+$B$1)^($C76-$C$1)),NA()) -> 8.9376 | F76: =IF(SUMIFS('Costos corrientes'!F$3:F$169,'Costos corrientes'!$A$3:$A$169,'Costos costantes 2020'!$A76,'Costos corrientes'!$B$3:$B$169,'Costos costantes 2020'!$B76,'Costos corrientes'!$C$3:$C$169,'Costos costantes 2020'!$C76)>0,SUMIFS('Costos corrientes'!F$3:F$169,'Costos corrientes'!$A$3:$A$169,'Costos costantes 2020'!$A76,'Costos corrientes'!$B$3:$B$169,'Costos costantes 2020'!$B76,'Costos corrientes'!$C$3:$C$169,'Costos costantes 2020'!$C76)/((1+$B$1)^($C76-$C$1)),NA()) -> 20.1096 | G76: =IFERROR(INDEX('2019'!$B$2:$P$30,MATCH('Costos costantes 2020'!$A76,'2019'!$A$2:$A$30,0),MATCH('Costos costantes 2020'!G$1,'2019'!$B$1:$P$1,0)),NA()) -> 8958 | H76: =IFERROR(INDEX('2019'!$B$2:$P$30,MATCH('Costos costantes 2020'!$A76,'2019'!$A$2:$A$30,0),MATCH('Costos costantes 2020'!H$1,'2019'!$B$1:$P$1,0)),NA()) -> 3
A77: M | B77: Distributed generation—base | C77: 2020 | D77: =IF(SUMIFS('Costos corrientes'!D$3:D$169,'Costos corrientes'!$A$3:$A$169,'Costos costantes 2020'!$A77,'Costos corrientes'!$B$3:$B$169,'Costos costantes 2020'!$B77,'Costos corrientes'!$C$3:$C$169,'Costos costantes 2020'!$C77)>0,SUMIFS('Costos corrientes'!D$3:D$169,'Costos corrientes'!$A$3:$A$169,'Costos costantes 2020'!$A77,'Costos corrientes'!$B$3:$B$169,'Costos costantes 2020'!$B77,'Costos corrientes'!$C$3:$C$169,'Costos costantes 2020'!$C77)/((1+$B$1)^($C77-$C$1)),NA()) -> 1555 | E77: =IF(SUMIFS('Costos corrientes'!E$3:E$169,'Costos corrientes'!$A$3:$A$169,'Costos costantes 2020'!$A77,'Costos corrientes'!$B$3:$B$169,'Costos costantes 2020'!$B77,'Costos corrientes'!$C$3:$C$169,'Costos costantes 2020'!$C77)>0,SUMIFS('Costos corrientes'!E$3:E$169,'Costos corrientes'!$A$3:$A$169,'Costos costantes 2020'!$A77,'Costos corrientes'!$B$3:$B$169,'Costos costantes 2020'!$B77,'Costos corrientes'!$C$3:$C$169,'Costos costantes 2020'!$C77)/((1+$B$1)^($C77-$C$1)),NA()) -> 8.57 | F77: =IF(SUMIFS('Costos corrientes'!F$3:F$169,'Costos corrientes'!$A$3:$A$169,'Costos costantes 2020'!$A77,'Costos corrientes'!$B$3:$B$169,'Costos costantes 2020'!$B77,'Costos corrientes'!$C$3:$C$169,'Costos costantes 2020'!$C77)>0,SUMIFS('Costos corrientes'!F$3:F$169,'Costos corrientes'!$A$3:$A$169,'Costos costantes 2020'!$A77,'Costos corrientes'!$B$3:$B$169,'Costos costantes 2020'!$B77,'Costos corrientes'!$C$3:$C$169,'Costos costantes 2020'!$C77)/((1+$B$1)^($C77-$C$1)),NA()) -> 19.28 | G77: =IFERROR(INDEX('2020'!$B$2:$P$30,MATCH('Costos costantes 2020'!$A76,'2020'!$A$2:$A$30,0),MATCH('Costos costantes 2020'!G$1,'2020'!$B$1:$P$1,0)),NA()) -> 8946 | H77: =IFERROR(INDEX('2020'!$B$2:$P$30,MATCH('Costos costantes 2020'!$A76,'2020'!$A$2:$A$30,0),MATCH('Costos costantes 2020'!H$1,'2020'!$B$1:$P$1,0)),NA()) -> 3
A78: M | B78: Distributed generation—base | C78: 2021 | D78: =IF(SUMIFS('Costos corrientes'!D$3:D$169,'Costos corrientes'!$A$3:$A$169,'Costos costantes 2020'!$A78,'Costos corrientes'!$B$3:$B$169,'Costos costantes 2020'!$B78,'Costos corrientes'!$C$3:$C$169,'Costos costantes 2020'!$C78)>0,SUMIFS('Costos corrientes'!D$3:D$169,'Costos corrientes'!$A$3:$A$169,'Costos costantes 2020'!$A78,'Costos corrientes'!$B$3:$B$169,'Costos costantes 2020'!$B78,'Costos corrientes'!$C$3:$C$169,'Costos costantes 2020'!$C78)/((1+$B$1)^($C78-$C$1)),NA()) -> 1466.1654 | E78: =IF(SUMIFS('Costos corrientes'!E$3:E$169,'Costos corrientes'!$A$3:$A$169,'Costos costantes 2020'!$A78,'Costos corrientes'!$B$3:$B$169,'Costos costantes 2020'!$B78,'Costos corrientes'!$C$3:$C$169,'Costos costantes 2020'!$C78)>0,SUMIFS('Costos corrientes'!E$3:E$169,'Costos corrientes'!$A$3:$A$169,'Costos costantes 2020'!$A78,'Costos corrientes'!$B$3:$B$169,'Costos costantes 2020'!$B78,'Costos corrientes'!$C$3:$C$169,'Costos costantes 2020'!$C78)/((1+$B$1)^($C78-$C$1)),NA()) -> 8.1296992 | F78: =IF(SUMIFS('Costos corrientes'!F$3:F$169,'Costos corrientes'!$A$3:$A$169,'Costos costantes 2020'!$A78,'Costos corrientes'!$B$3:$B$169,'Costos costantes 2020'!$B78,'Costos corrientes'!$C$3:$C$169,'Costos costantes 2020'!$C78)>0,SUMIFS('Costos corrientes'!F$3:F$169,'Costos corrientes'!$A$3:$A$169,'Costos costantes 2020'!$A78,'Costos corrientes'!$B$3:$B$169,'Costos costantes 2020'!$B78,'Costos corrientes'!$C$3:$C$169,'Costos costantes 2020'!$C78)/((1+$B$1)^($C78-$C$1)),NA()) -> 18.289474 | G78: =IFERROR(INDEX('2021'!$B$2:$P$30,MATCH('Costos costantes 2020'!$A76,'2021'!$A$2:$A$30,0),MATCH('Costos costantes 2020'!G$1,'2021'!$B$1:$P$1,0)),NA()) -> 8935 | H78: =IFERROR(INDEX('2021'!$B$2:$P$30,MATCH('Costos costantes 2020'!$A76,'2021'!$A$2:$A$30,0),MATCH('Costos costantes 2020'!H$1,'2021'!$B$1:$P$1,0)),NA()) -> 3
A79: M | B79: Distributed generation—base | C79: 2022 | D79: =IF(SUMIFS('Costos corrientes'!D$3:D$169,'Costos corrientes'!$A$3:$A$169,'Costos costantes 2020'!$A79,'Costos corrientes'!$B$3:$B$169,'Costos costantes 2020'!$B79,'Costos corrientes'!$C$3:$C$169,'Costos costantes 2020'!$C79)>0,SUMIFS('Costos corrientes'!D$3:D$169,'Costos corrientes'!$A$3:$A$169,'Costos costantes 2020'!$A79,'Costos corrientes'!$B$3:$B$169,'Costos costantes 2020'!$B79,'Costos corrientes'!$C$3:$C$169,'Costos costantes 2020'!$C79)/((1+$B$1)^($C79-$C$1)),NA()) -> 1529.0223 | E79: =IF(SUMIFS('Costos corrientes'!E$3:E$169,'Costos corrientes'!$A$3:$A$169,'Costos costantes 2020'!$A79,'Costos corrientes'!$B$3:$B$169,'Costos costantes 2020'!$B79,'Costos corrientes'!$C$3:$C$169,'Costos costantes 2020'!$C79)>0,SUMIFS('Costos corrientes'!E$3:E$169,'Costos corrientes'!$A$3:$A$169,'Costos costantes 2020'!$A79,'Costos corrientes'!$B$3:$B$169,'Costos costantes 2020'!$B79,'Costos corrientes'!$C$3:$C$169,'Costos costantes 2020'!$C79)/((1+$B$1)^($C79-$C$1)),NA()) -> 7.958689 | F79: =IF(SUMIFS('Costos corrientes'!F$3:F$169,'Costos corrientes'!$A$3:$A$169,'Costos costantes 2020'!$A79,'Costos corrientes'!$B$3:$B$169,'Costos costantes 2020'!$B79,'Costos corrientes'!$C$3:$C$169,'Costos costantes 2020'!$C79)>0,SUMIFS('Costos corrientes'!F$3:F$169,'Costos corrientes'!$A$3:$A$169,'Costos costantes 2020'!$A79,'Costos corrientes'!$B$3:$B$169,'Costos costantes 2020'!$B79,'Costos corrientes'!$C$3:$C$169,'Costos costantes 2020'!$C79)/((1+$B$1)^($C79-$C$1)),NA()) -> 17.904842 | G79: =IFERROR(INDEX('2022'!$B$2:$P$30,MATCH('Costos costantes 2020'!$A76,'2022'!$A$2:$A$30,0),MATCH('Costos costantes 2020'!G$1,'2022'!$B$1:$P$1,0)),NA()) -> 8923 | H79: =IFERROR(INDEX('2022'!$B$2:$P$30,MATCH('Costos costantes 2020'!$A76,'2022'!$A$2:$A$30,0),MATCH('Costos costantes 2020'!H$1,'2022'!$B$1:$P$1,0)),NA()) -> 3
A80: M | B80: Distributed generation—base | C80: 2023 | D80: =IF(SUMIFS('Costos corrientes'!D$3:D$169,'Costos corrientes'!$A$3:$A$169,'Costos costantes 2020'!$A80,'Costos corrientes'!$B$3:$B$169,'Costos costantes 2020'!$B80,'Costos corrientes'!$C$3:$C$169,'Costos costantes 2020'!$C80)>0,SUMIFS('Costos corrientes'!D$3:D$169,'Costos corrientes'!$A$3:$A$169,'Costos costantes 2020'!$A80,'Costos corrientes'!$B$3:$B$169,'Costos costantes 2020'!$B80,'Costos corrientes'!$C$3:$C$169,'Costos costantes 2020'!$C80)/((1+$B$1)^($C80-$C$1)),NA()) -> 1589.8051 | E80: =IF(SUMIFS('Costos corrientes'!E$3:E$169,'Costos corrientes'!$A$3:$A$169,'Costos costantes 2020'!$A80,'Costos corrientes'!$B$3:$B$169,'Costos costantes 2020'!$B80,'Costos corrientes'!$C$3:$C$169,'Costos costantes 2020'!$C80)>0,SUMIFS('Costos corrientes'!E$3:E$169,'Costos corrientes'!$A$3:$A$169,'Costos costantes 2020'!$A80,'Costos corrientes'!$B$3:$B$169,'Costos costantes 2020'!$B80,'Costos corrientes'!$C$3:$C$169,'Costos costantes 2020'!$C80)/((1+$B$1)^($C80-$C$1)),NA()) -> 8.044497 | F80: =IF(SUMIFS('Costos corrientes'!F$3:F$169,'Costos corrientes'!$A$3:$A$169,'Costos costantes 2020'!$A80,'Costos corrientes'!$B$3:$B$169,'Costos costantes 2020'!$B80,'Costos corrientes'!$C$3:$C$169,'Costos costantes 2020'!$C80)>0,SUMIFS('Costos corrientes'!F$3:F$169,'Costos corrientes'!$A$3:$A$169,'Costos costantes 2020'!$A80,'Costos corrientes'!$B$3:$B$169,'Costos costantes 2020'!$B80,'Costos corrientes'!$C$3:$C$169,'Costos costantes 2020'!$C80)/((1+$B$1)^($C80-$C$1)),NA()) -> 18.089741 | G80: =IFERROR(INDEX('2022'!$B$2:$P$30,MATCH('Costos costantes 2020'!$A77,'2022'!$A$2:$A$30,0),MATCH('Costos costantes 2020'!G$1,'2022'!$B$1:$P$1,0)),NA()) -> 8923 | H80: =IFERROR(INDEX('2022'!$B$2:$P$30,MATCH('Costos costantes 2020'!$A77,'2022'!$A$2:$A$30,0),MATCH('Costos costantes 2020'!H$1,'2022'!$B$1:$P$1,0)),NA()) -> 3
A81: N | B81: Adv Nuclear | C81: 2018 | D81: =IF(SUMIFS('Costos corrientes'!D$3:D$169,'Costos corrientes'!$A$3:$A$169,'Costos costantes 2020'!$A81,'Costos corrientes'!$B$3:$B$169,'Costos costantes 2020'!$B81,'Costos corrientes'!$C$3:$C$169,'Costos costantes 2020'!$C81)>0,SUMIFS('Costos corrientes'!D$3:D$169,'Costos corrientes'!$A$3:$A$169,'Costos costantes 2020'!$A81,'Costos corrientes'!$B$3:$B$169,'Costos costantes 2020'!$B81,'Costos corrientes'!$C$3:$C$169,'Costos costantes 2020'!$C81)/((1+$B$1)^($C81-$C$1)),NA()) -> 6731.4428 | E81: =IF(SUMIFS('Costos corrientes'!E$3:E$169,'Costos corrientes'!$A$3:$A$169,'Costos costantes 2020'!$A81,'Costos corrientes'!$B$3:$B$169,'Costos costantes 2020'!$B81,'Costos corrientes'!$C$3:$C$169,'Costos costantes 2020'!$C81)>0,SUMIFS('Costos corrientes'!E$3:E$169,'Costos corrientes'!$A$3:$A$169,'Costos costantes 2020'!$A81,'Costos corrientes'!$B$3:$B$169,'Costos costantes 2020'!$B81,'Costos corrientes'!$C$3:$C$169,'Costos costantes 2020'!$C81)/((1+$B$1)^($C81-$C$1)),NA()) -> 2.6264627 | F81: =IF(SUMIFS('Costos corrientes'!F$3:F$169,'Costos corrientes'!$A$3:$A$169,'Costos costantes 2020'!$A81,'Costos corrientes'!$B$3:$B$169,'Costos costantes 2020'!$B81,'Costos corrientes'!$C$3:$C$169,'Costos costantes 2020'!$C81)>0,SUMIFS('Costos corrientes'!F$3:F$169,'Costos corrientes'!$A$3:$A$169,'Costos costantes 2020'!$A81,'Costos corrientes'!$B$3:$B$169,'Costos costantes 2020'!$B81,'Costos corrientes'!$C$3:$C$169,'Costos costantes 2020'!$C81)/((1+$B$1)^($C81-$C$1)),NA()) -> 114.65868 | G81: =IFERROR(INDEX('2018'!$B$2:$P$30,MATCH('Costos costantes 2020'!$A81,'2018'!$A$2:$A$30,0),MATCH('Costos costantes 2020'!G$1,'2018'!$B$1:$P$1,0)),NA()) -> 10460 | H81: =IFERROR(INDEX('2018'!$B$2:$P$30,MATCH('Costos costantes 2020'!$A81,'2018'!$A$2:$A$30,0),MATCH('Costos costantes 2020'!H$1,'2018'!$B$1:$P$1,0)),NA()) -> 6
